"時間戳記","請問您目前的身份是？","若您為在校生，請問您目前的年級為？","請問您在校內主要的移動方式／交通工具為何？","騎乘交通工具行經椰林大道時，您通常會選擇以下何種路線？","請問您對於以下敘述的認同程度？ [機動車輛的行駛路線經常變動，使我難以維持原有的騎乘路線]","請問您對於以下敘述的認同程度？ [椰林大道上的機動車輛使我被迫加速]","請問您對於以下敘述的認同程度？ [椰林大道上的機動車輛使我騎乘交通工具時感到危險]","您在椰林大道「發生車禍」的頻率？","您在椰林大道「幾乎要發生車禍，但是因閃避即時而未有事故」的頻率？","若您曾經在椰林大道上發生／即將發生過車禍，歡迎您提供當下狀況的簡短描述及改善意見：","我認為「縮減機動車的車道寬度」有助於改善交通工具騎士的安全","我認為「縮減機動車的車道寬度」有助於改善行人的安全","承上題，若您認為縮減機動車道寬度有助於改善騎士／行人安全，則您覺得以下何種方法較適當？","步行經過椰林大道時，您通常會選擇以下何種路線？","若您前一題選擇「椰子樹下的磚造人行道」以外的選項，原因是？","請問您對於以下敘述的認同程度？ [我必須要時時注意路況，才不會被自行車／機動車撞到]","請問您對於以下敘述的認同程度？ [我經常被突然竄出的自行車／機動車嚇到]","若您曾經在椰林大道與各式交通工具發生車禍，歡迎您提供當下狀況的簡短描述及改善意見：","請問您對於以下敘述的認同程度？ [目前椰林大道的夜間照明足夠讓我看清楚路上的來車]","請問您對於以下敘述的認同程度？ [目前椰林大道的夜間照明足夠讓我感到安心]","您對於椰林大道交通的任何想法？","您對於校內整體交通環境的任何想法？"
"2021/01/17 8:08:42 下午 GMT+8","台大教職員工","非學生","開車","③ 主線柏油路，靠中央的黃色虛線騎乘","5","5","5","幾乎不曾遇過","幾乎不曾遇過","","5","5","劃設鋸齒型標線引導車輛減速","④ 椰子樹下的磚造人行道","人行道路寬過小","5","5","","1","1","",""
"2021/01/17 8:13:02 下午 GMT+8","台大學生","大學部一年級","自行車（含自有交通工具）","① 主線柏油路，靠車道右側、椰子樹旁騎乘","3","1","1","幾乎不曾遇過","偶爾（每半年一次以上）","","3","1","利用鋪面顏色設計，區隔車輛與行人空間（如上圖）","① ② ③ 主線柏油路","人行道路寬過小;過馬路比較方便 而且人行道曬不到太陽","1","1","","4","4","",""
"2021/01/17 8:13:22 下午 GMT+8","台大學生","大學部三年級","自行車（含自有交通工具）","① 主線柏油路，靠車道右側、椰子樹旁騎乘","4","5","4","幾乎不曾遇過","偶爾（每半年一次以上）","","5","5","利用鋪面顏色設計，區隔車輛與行人空間（如上圖）","④ 椰子樹下的磚造人行道","","3","3","","5","5","對車子沒用只對腳踏車有影響的減速線可以全鏟掉",""
"2021/01/17 8:14:08 下午 GMT+8","台大學生","大學部三年級","自行車（含自有交通工具）","① 主線柏油路，靠車道右側、椰子樹旁騎乘","3","5","4","幾乎不曾遇過","幾乎不曾遇過","","4","4","維持現有路面標線樣式（白線、雙黃線），僅縮減機動車道空間","⑤ 緊鄰兩側建築物的磚造馬路","人行道積水嚴重;人行道路寬過小","2","2","","5","5","",""
"2021/01/17 8:16:09 下午 GMT+8","台大學生","大學部二年級","自行車（含自有交通工具）","① 主線柏油路，靠車道右側、椰子樹旁騎乘","4","5","5","幾乎不曾遇過","偶爾（每半年一次以上）","","2","3","縮減車道無助改善騎士／行人安全","④ 椰子樹下的磚造人行道","沒有特殊原因","3","4","","4","3","關於那個用顏色區分車道的方法，有時候校車停在那裡，腳踏車就得騎到車道中央阿，所以不太可能一直固定騎在限定顏色的範圍內",""
"2021/01/17 8:16:14 下午 GMT+8","台科大／台師大／國北教大學生","大學部二年級","步行，且幾乎不使用交通工具","","","","","","","","3","3","利用鋪面顏色設計，區隔車輛與行人空間（如上圖）","④ 椰子樹下的磚造人行道","","5","5","","3","4","",""
"2021/01/17 8:18:02 下午 GMT+8","台大學生","大學部一年級","步行，偶爾使用公共交通工具","② 主線柏油路，在車道正中央騎乘","5","5","5","幾乎不曾遇過","經常（每月一次以上）","同學都併排騎車，在路中間四台慢行的自行車根本就是移動路障","5","5","利用鋪面顏色設計，區隔車輛與行人空間（如上圖）;劃設鋸齒型標線引導車輛減速","④ 椰子樹下的磚造人行道","","3","3","不要併排騎車","4","4","","腳踏車該管制"
"2021/01/17 8:20:01 下午 GMT+8","台大教職員工","非學生","自行車（含自有交通工具）","① 主線柏油路，靠車道右側、椰子樹旁騎乘","3","4","5","幾乎不曾遇過","偶爾（每半年一次以上）","岔路處的自行車未注意椰林大道的車子硬轉彎","3","4","維持現有路面標線樣式（白線、雙黃線），僅縮減機動車道空間","① ② ③ 主線柏油路","人行道路寬過小","5","4","","4","4","",""
"2021/01/17 8:20:33 下午 GMT+8","台大學生","大學部一年級","步行，且幾乎不使用交通工具","","","","","","","","4","2","維持現有路面標線樣式（白線、雙黃線），僅縮減機動車道空間","④ 椰子樹下的磚造人行道","","3","3","","4","3","",""
"2021/01/17 8:20:42 下午 GMT+8","台大學生","大學部三年級","自行車（含自有交通工具）","① 主線柏油路，靠車道右側、椰子樹旁騎乘","3","4","2","幾乎不曾遇過","幾乎不曾遇過","","4","4","維持現有路面標線樣式（白線、雙黃線），僅縮減機動車道空間","⑤ 緊鄰兩側建築物的磚造馬路","人行道積水嚴重;人行道路寬過小;有時候要牽車跟朋友一起走，會太窄小，也不確定那邊是否是能牽車的。但主要還是下雨天積水太太太嚴重。","4","4","","5","5","",""
"2021/01/17 8:24:55 下午 GMT+8","台大學生","碩士班一年級","步行，且幾乎不使用交通工具","","","","","","","","5","5","利用鋪面顏色設計，區隔車輛與行人空間（如上圖）;劃設鋸齒型標線引導車輛減速","④ 椰子樹下的磚造人行道","","3","1","","5","4","台大輕軌蓋起來","研一舍附近設Youbike"
"2021/01/17 8:24:56 下午 GMT+8","台大學生","大學部三年級","自行車（含自有交通工具）","② 主線柏油路，在車道正中央騎乘","2","3","4","幾乎不曾遇過","經常（每月一次以上）","有腳踏車要左轉，然後到路口的時候才從最右邊直接看都不看就切過來","5","5","維持現有路面標線樣式（白線、雙黃線），僅縮減機動車道空間","④ 椰子樹下的磚造人行道","","3","4","","2","2","","舟山路車子更快"
"2021/01/17 8:25:18 下午 GMT+8","台大學生","大學部二年級","自行車（含自有交通工具）","① 主線柏油路，靠車道右側、椰子樹旁騎乘","4","4","5","幾乎不曾遇過","經常（每月一次以上）","","2","4","利用鋪面顏色設計，區隔車輛與行人空間（如上圖）;但我覺得問題常常是例如腳踏車要轉彎，就勢必要騎到中間，這種時候就很可能會被車撞…","④ 椰子樹下的磚造人行道","","2","2","","4","4","",""
"2021/01/17 8:25:33 下午 GMT+8","台大學生","碩士班二年級（含）以上","自行車（含自有交通工具）","⑤ 緊鄰兩側建築物的磚造馬路","5","4","4","幾乎不曾遇過","幾乎不曾遇過","","2","2","利用鋪面顏色設計，區隔車輛與行人空間（如上圖）;劃設鋸齒型標線引導車輛減速","④ 椰子樹下的磚造人行道","人行道積水嚴重;柏油路／磚造馬路離目的地較近","4","4","","4","4","",""
"2021/01/17 8:28:41 下午 GMT+8","台大學生","大學部三年級","自行車（含自有交通工具）","① 主線柏油路，靠車道右側、椰子樹旁騎乘","2","3","4","幾乎不曾遇過","偶爾（每半年一次以上）","","2","2","縮減車道無助改善騎士／行人安全","⑤ 緊鄰兩側建築物的磚造馬路","柏油路／磚造馬路離目的地較近","5","3","","2","2","",""
"2021/01/17 8:32:41 下午 GMT+8","校友","非學生","自行車（含自有交通工具）","② 主線柏油路，在車道正中央騎乘","2","2","4","幾乎不曾遇過","幾乎不曾遇過","","5","5","利用鋪面顏色設計，區隔車輛與行人空間（如上圖）;車道設置減速設施","⑤ 緊鄰兩側建築物的磚造馬路","人行道路寬過小","4","3","","5","5","",""
"2021/01/17 8:32:50 下午 GMT+8","台大學生","大學部三年級","步行，且幾乎不使用交通工具","","","","","","","","3","3","縮減車道無助改善騎士／行人安全","④ 椰子樹下的磚造人行道","","4","5","都嘛是自以為騎公路車很帥在那裡飆或單手騎車 有點難管QQ","2","2","",""
"2021/01/17 8:33:10 下午 GMT+8","台大學生","大學部一年級","自行車（含自有交通工具）","① 主線柏油路，靠車道右側、椰子樹旁騎乘","3","4","4","幾乎不曾遇過","偶爾（每半年一次以上）","","2","2","縮減車道無助改善騎士／行人安全","① ② ③ 主線柏油路","人行道積水嚴重;人行道路寬過小;柏油路／磚造馬路離目的地較近","4","3","","3","3","",""
"2021/01/17 8:33:52 下午 GMT+8","台大學生","大學部一年級","步行，且幾乎不使用交通工具","","","","","","","","3","4","利用鋪面顏色設計，區隔車輛與行人空間（如上圖）","④ 椰子樹下的磚造人行道","","3","2","","3","2","","某些路段的柏油路面可以再加強一下，坑洞很多"
"2021/01/17 8:35:09 下午 GMT+8","校友","非學生","自行車（含自有交通工具）","③ 主線柏油路，靠中央的黃色虛線騎乘","2","4","5","偶爾（每半年一次以上）","經常（每月一次以上）","","1","2","縮減車道無助改善騎士／行人安全","① ② ③ 主線柏油路","柏油路／磚造馬路離目的地較近;沒有特殊原因","4","4","","5","5","",""
"2021/01/17 8:35:12 下午 GMT+8","台大學生","大學部二年級","自行車（含自有交通工具）","① 主線柏油路，靠車道右側、椰子樹旁騎乘","5","3","5","幾乎不曾遇過","經常（每月一次以上）","","3","4","劃設鋸齒型標線引導車輛減速","④ 椰子樹下的磚造人行道","","4","5","","1","1","",""
"2021/01/17 8:35:21 下午 GMT+8","校友","非學生","自行車（含自有交通工具）","② 主線柏油路，在車道正中央騎乘","2","1","1","幾乎不曾遇過","偶爾（每半年一次以上）","往總圖方向，對向單車距離很遠就直接切入逆向車道要左轉小福。在台大交流版和PTT上都有類似例圖","2","2","利用鋪面顏色設計，區隔車輛與行人空間（如上圖）","④ 椰子樹下的磚造人行道","","3","4","","2","2","",""
"2021/01/17 8:35:29 下午 GMT+8","台大學生","碩士班一年級","自行車（含自有交通工具）","① 主線柏油路，靠車道右側、椰子樹旁騎乘","4","2","4","幾乎不曾遇過","幾乎不曾遇過","","1","4","利用鋪面顏色設計，區隔車輛與行人空間（如上圖）;劃設鋸齒型標線引導車輛減速","⑤ 緊鄰兩側建築物的磚造馬路","人行道積水嚴重","5","5","","1","1","","應強制腳踏車裝前後燈"
"2021/01/17 8:36:53 下午 GMT+8","台大學生","大學部三年級","自行車（含自有交通工具）","② 主線柏油路，在車道正中央騎乘","2","2","2","幾乎不曾遇過","幾乎不曾遇過","","4","2","維持現有路面標線樣式（白線、雙黃線），僅縮減機動車道空間","④ 椰子樹下的磚造人行道","","2","2","","2","2","會出車禍主要還是部分學生的騎車觀念不好",""
"2021/01/17 8:37:07 下午 GMT+8","台大學生","大學部一年級","自行車（含自有交通工具）","③ 主線柏油路，靠中央的黃色虛線騎乘","5","5","5","偶爾（每半年一次以上）","偶爾（每半年一次以上）","","5","5","利用鋪面顏色設計，區隔車輛與行人空間（如上圖）","① ② ③ 主線柏油路","","5","5","","5","5","",""
"2021/01/17 8:38:24 下午 GMT+8","台大學生","大學部二年級","自行車（含自有交通工具）","① 主線柏油路，靠車道右側、椰子樹旁騎乘","4","3","5","幾乎不曾遇過","偶爾（每半年一次以上）","","4","4","利用鋪面顏色設計，區隔車輛與行人空間（如上圖）","④ 椰子樹下的磚造人行道","","5","5","","3","3","",""
"2021/01/17 8:39:12 下午 GMT+8","台大學生","大學部二年級","自行車（含自有交通工具）","② 主線柏油路，在車道正中央騎乘","3","3","3","幾乎不曾遇過","幾乎不曾遇過","","3","3","利用鋪面顏色設計，區隔車輛與行人空間（如上圖）","⑤ 緊鄰兩側建築物的磚造馬路","人行道積水嚴重","3","3","","1","2","",""
"2021/01/17 8:39:27 下午 GMT+8","台大學生","大學部一年級","自行車（含自有交通工具）","① 主線柏油路，靠車道右側、椰子樹旁騎乘","2","2","4","幾乎不曾遇過","幾乎不曾遇過","","4","4","利用鋪面顏色設計，區隔車輛與行人空間（如上圖）;劃設鋸齒型標線引導車輛減速","⑤ 緊鄰兩側建築物的磚造馬路","人行道路寬過小","3","4","","3","3","",""
"2021/01/17 8:41:15 下午 GMT+8","台大學生","大學部二年級","自行車（含自有交通工具）","③ 主線柏油路，靠中央的黃色虛線騎乘","2","2","4","偶爾（每半年一次以上）","經常（每月一次以上）","","5","5","利用鋪面顏色設計，區隔車輛與行人空間（如上圖）;劃設鋸齒型標線引導車輛減速","① ② ③ 主線柏油路","人行道積水嚴重;人行道路寬過小","4","5","","3","2","",""
"2021/01/17 8:41:58 下午 GMT+8","台大學生","碩士班二年級（含）以上","自行車（含自有交通工具）","② 主線柏油路，在車道正中央騎乘","4","4","4","幾乎不曾遇過","偶爾（每半年一次以上）","","4","4","維持現有路面標線樣式（白線、雙黃線），僅縮減機動車道空間","④ 椰子樹下的磚造人行道","","3","3","","4","4","",""
"2021/01/17 8:44:03 下午 GMT+8","台大學生","大學部二年級","自行車（含自有交通工具）","② 主線柏油路，在車道正中央騎乘","2","2","2","幾乎不曾遇過","偶爾（每半年一次以上）","","5","5","維持現有路面標線樣式（白線、雙黃線），僅縮減機動車道空間;劃設鋸齒型標線引導車輛減速","① ② ③ 主線柏油路","人行道積水嚴重;人行道路寬過小;柏油路／磚造馬路離目的地較近","4","4","","2","1","",""
"2021/01/17 8:44:14 下午 GMT+8","台大學生","碩士班二年級（含）以上","自行車（含自有交通工具）","③ 主線柏油路，靠中央的黃色虛線騎乘","5","5","5","幾乎不曾遇過","經常（每月一次以上）","椰林大道上因為寬敞，閃避處多，機動車可能也因有測速儀而不致太飆速，所以沒有實際受過傷。但全校自行車的速度快、遇車不相讓者也大有人在，轉彎或小巷接大道時未查看路況就飆出來的也常常存在。校內自行車需要更嚴格的騎乘規範（或共識，非強硬的），也需要相對降低自行車數量＝提升步行環境，促使徒步者增加。","4","4","利用鋪面顏色設計，區隔車輛與行人空間（如上圖）;維持現有路面標線樣式（白線、雙黃線），僅縮減機動車道空間","⑤ 緊鄰兩側建築物的磚造馬路","人行道積水嚴重;人行道路寬過小;陰暗，視野不好，路口時兩側均有車不減速往來","4","5","","4","4","","啊前面答完了。1. 自行車數量需要減少，2.自行車規範需要強化（如騎行速度、轉彎時減速、雨天不持傘或乾脆步行），3.改善校內人行環境以促使1.達成。"
"2021/01/17 8:45:44 下午 GMT+8","台大學生","大學部一年級","自行車（含自有交通工具）","② 主線柏油路，在車道正中央騎乘","3","2","4","偶爾（每半年一次以上）","經常（每月一次以上）","","2","4","維持現有路面標線樣式（白線、雙黃線），僅縮減機動車道空間","④ 椰子樹下的磚造人行道","走在柏油路上特別舒服","4","4","","4","3","",""
"2021/01/17 8:48:54 下午 GMT+8","台大學生","大學部二年級","自行車（含自有交通工具）","③ 主線柏油路，靠中央的黃色虛線騎乘","4","3","4","幾乎不曾遇過","偶爾（每半年一次以上）","","5","4","維持現有路面標線樣式（白線、雙黃線），僅縮減機動車道空間","① ② ③ 主線柏油路","人行道積水嚴重;人行道路寬過小","2","4","","2","2","",""
"2021/01/17 8:50:31 下午 GMT+8","台大學生","大學部四年級（含）以上","自行車（含自有交通工具）","① 主線柏油路，靠車道右側、椰子樹旁騎乘","4","5","5","偶爾（每半年一次以上）","總是（每週一次以上）","","2","2","劃設鋸齒型標線引導車輛減速","④ 椰子樹下的磚造人行道","人行道積水嚴重","5","5","","2","2","",""
"2021/01/17 8:51:16 下午 GMT+8","台大學生","大學部二年級","自行車（含自有交通工具）","② 主線柏油路，在車道正中央騎乘","4","4","4","幾乎不曾遇過","偶爾（每半年一次以上）","","4","4","縮減車道無助改善騎士／行人安全","① ② ③ 主線柏油路","","3","3","","4","4","",""
"2021/01/17 8:53:03 下午 GMT+8","台大學生","大學部一年級","自行車（含自有交通工具）","① 主線柏油路，靠車道右側、椰子樹旁騎乘","3","3","3","幾乎不曾遇過","幾乎不曾遇過","","4","4","利用鋪面顏色設計，區隔車輛與行人空間（如上圖）;劃設鋸齒型標線引導車輛減速","④ 椰子樹下的磚造人行道","沒有特殊原因","3","4","","4","4","",""
"2021/01/17 8:53:22 下午 GMT+8","台大學生","大學部二年級","自行車（含自有交通工具）","① 主線柏油路，靠車道右側、椰子樹旁騎乘","3","4","4","幾乎不曾遇過","偶爾（每半年一次以上）","","4","4","利用鋪面顏色設計，區隔車輛與行人空間（如上圖）;劃設鋸齒型標線引導車輛減速","④ 椰子樹下的磚造人行道","沒有特殊原因","5","3","","3","3","",""
"2021/01/17 8:54:59 下午 GMT+8","台大學生","大學部四年級（含）以上","自行車（含自有交通工具）","① 主線柏油路，靠車道右側、椰子樹旁騎乘","4","3","3","幾乎不曾遇過","幾乎不曾遇過","","3","3","縮減車道無助改善騎士／行人安全","④ 椰子樹下的磚造人行道","","4","4","","5","5","",""
"2021/01/17 8:57:59 下午 GMT+8","台大學生","大學部一年級","自行車（含自有交通工具）","① 主線柏油路，靠車道右側、椰子樹旁騎乘","3","5","5","幾乎不曾遇過","幾乎不曾遇過","","1","1","縮減車道無助改善騎士／行人安全","④ 椰子樹下的磚造人行道","人行道積水嚴重","5","4","","3","3","",""
"2021/01/17 8:58:29 下午 GMT+8","台大學生","大學部三年級","自行車（含自有交通工具）","③ 主線柏油路，靠中央的黃色虛線騎乘","1","1","2","幾乎不曾遇過","偶爾（每半年一次以上）","","1","1","無縮減","④ 椰子樹下的磚造人行道","","5","1","","2","2","",""
"2021/01/17 9:00:53 下午 GMT+8","台大學生","大學部四年級（含）以上","步行和自行車一半一半","① 主線柏油路，靠車道右側、椰子樹旁騎乘","3","1","2","幾乎不曾遇過","幾乎不曾遇過","","5","3","利用鋪面顏色設計，區隔車輛與行人空間（如上圖）","④ 椰子樹下的磚造人行道","人行道積水嚴重","3","5","","3","2","",""
"2021/01/17 9:02:06 下午 GMT+8","台大學生","大學部四年級（含）以上","自行車（含自有交通工具）","① 主線柏油路，靠車道右側、椰子樹旁騎乘","2","3","4","幾乎不曾遇過","偶爾（每半年一次以上）","","2","2","縮減車道無助改善騎士／行人安全","① ② ③ 主線柏油路","","5","4","","3","3","太多速度過快的汽車⋯⋯","總圖旁彎到舟山路那裡很多開很快討厭的汽車"
"2021/01/17 9:02:10 下午 GMT+8","台大學生","大學部一年級","自行車（含自有交通工具）","① 主線柏油路，靠車道右側、椰子樹旁騎乘","1","1","2","幾乎不曾遇過","幾乎不曾遇過","","1","1","縮減車道無助改善騎士／行人安全","④ 椰子樹下的磚造人行道","沒有特殊原因","1","2","","1","1","",""
"2021/01/17 9:02:57 下午 GMT+8","台大學生","大學部四年級（含）以上","自行車（含自有交通工具）","① 主線柏油路，靠車道右側、椰子樹旁騎乘","3","5","3","偶爾（每半年一次以上）","經常（每月一次以上）","","3","3","維持現有路面標線樣式（白線、雙黃線），僅縮減機動車道空間","⑤ 緊鄰兩側建築物的磚造馬路","人行道路寬過小","5","5","","3","4","",""
"2021/01/17 9:05:04 下午 GMT+8","台大學生","大學部四年級（含）以上","自行車（含自有交通工具）","② 主線柏油路，在車道正中央騎乘","4","5","5","幾乎不曾遇過","偶爾（每半年一次以上）","","5","4","利用鋪面顏色設計，區隔車輛與行人空間（如上圖）;劃設鋸齒型標線引導車輛減速","④ 椰子樹下的磚造人行道","","4","4","","2","2","",""
"2021/01/17 9:05:22 下午 GMT+8","台大學生","大學部三年級","步行，且幾乎不使用交通工具","","","","","","","","1","3","利用鋪面顏色設計，區隔車輛與行人空間（如上圖）","④ 椰子樹下的磚造人行道","沒有特殊原因","4","4","","1","1","",""
"2021/01/17 9:05:58 下午 GMT+8","台大學生","大學部二年級","自行車（含自有交通工具）","① 主線柏油路，靠車道右側、椰子樹旁騎乘","5","5","5","幾乎不曾遇過","幾乎不曾遇過","","4","5","利用鋪面顏色設計，區隔車輛與行人空間（如上圖）","④ 椰子樹下的磚造人行道","沒有特殊原因","5","3","","2","1","",""
"2021/01/17 9:09:54 下午 GMT+8","台大學生","大學部二年級","自行車（含自有交通工具）","② 主線柏油路，在車道正中央騎乘","2","2","1","幾乎不曾遇過","幾乎不曾遇過","","3","3","利用鋪面顏色設計，區隔車輛與行人空間（如上圖）","④ 椰子樹下的磚造人行道","","2","2","","5","5","",""
"2021/01/17 9:10:21 下午 GMT+8","台大學生","大學部一年級","自行車（含自有交通工具）","① 主線柏油路，靠車道右側、椰子樹旁騎乘","3","5","4","幾乎不曾遇過","幾乎不曾遇過","","1","3","利用鋪面顏色設計，區隔車輛與行人空間（如上圖）","⑤ 緊鄰兩側建築物的磚造馬路","人行道積水嚴重","4","4","","4","3","",""
"2021/01/17 9:12:31 下午 GMT+8","台大學生","大學部二年級","自行車（含自有交通工具）","① 主線柏油路，靠車道右側、椰子樹旁騎乘","3","5","4","幾乎不曾遇過","偶爾（每半年一次以上）","","4","4","劃設鋸齒型標線引導車輛減速","④ 椰子樹下的磚造人行道","柏油路／磚造馬路離目的地較近","2","3","","2","2","",""
"2021/01/17 9:13:32 下午 GMT+8","台大學生","大學部四年級（含）以上","自行車（含自有交通工具）","② 主線柏油路，在車道正中央騎乘","2","2","4","幾乎不曾遇過","偶爾（每半年一次以上）","","4","2","利用鋪面顏色設計，區隔車輛與行人空間（如上圖）;縮減車道無助改善騎士／行人安全","⑤ 緊鄰兩側建築物的磚造馬路","人行道積水嚴重","4","3","","3","3","","小椰林道路面可以修平一點嗎"
"2021/01/17 9:14:24 下午 GMT+8","台大學生","大學部四年級（含）以上","自行車（含自有交通工具）","① 主線柏油路，靠車道右側、椰子樹旁騎乘","4","3","3","幾乎不曾遇過","偶爾（每半年一次以上）","","2","1","縮減車道無助改善騎士／行人安全","④ 椰子樹下的磚造人行道","","3","2","","2","2","",""
"2021/01/17 9:14:36 下午 GMT+8","台大學生","大學部四年級（含）以上","自行車（含自有交通工具）","② 主線柏油路，在車道正中央騎乘","5","5","5","經常（每月一次以上）","總是（每週一次以上）","規劃好路口支幹道關係，明確畫地線，支道車須讓車道車，如有應讓不讓而造成車禍，學校須介入處理，而非讓學生私下和解。","1","1","縮減車道無助改善騎士／行人安全;只有特許機動車(如餐廳、便利商店)才能進入台大，其他車輛一律禁止進入。檢查及妥善保養椰林大道上的監視器，如有違規行為須取締並罰款，如多次違規(超速、逼腳踏車、逼人等)，取消特許進入的權利","⑤ 緊鄰兩側建築物的磚造馬路","人行道積水嚴重;人行道路寬過小;其實上一題可以做多選，4,5我都會走","2","2","提高學生行車觀念...但並非台灣政府那一套...所以建議也沒用，你們做不到....真要說，你們需要請如花火羅等有正確交通觀念的知名youtuber來宣導，而非盲目推崇防衛性駕駛觀念，那只會是適得其反","1","1","只針對椰林大道對交通無實質幫助，因為這是台灣的社會問題，是體制問題，從問卷內容看出設計者對整體交通概念稍嫌薄弱","定再多的規矩，沒人執法、取締就沒人會管那些規矩、地線，在台大依然是交通安全的灰色地帶"
"2021/01/17 9:21:15 下午 GMT+8","台大學生","碩士班二年級（含）以上","自行車（含自有交通工具）","① 主線柏油路，靠車道右側、椰子樹旁騎乘","4","3","5","幾乎不曾遇過","偶爾（每半年一次以上）","","3","3","利用鋪面顏色設計，區隔車輛與行人空間（如上圖）","④ 椰子樹下的磚造人行道","","4","4","","4","4","","椰林大道相對安全，但舟山路上行人、自行車、車輛的交通狀況讓人感到危險"
"2021/01/17 9:27:38 下午 GMT+8","台大學生","碩士班一年級","步行，且幾乎不使用交通工具","","","","","","","","5","5","維持現有路面標線樣式（白線、雙黃線），僅縮減機動車道空間","④ 椰子樹下的磚造人行道","","5","5","","4","3","",""
"2021/01/17 9:27:49 下午 GMT+8","台大學生","大學部二年級","自行車（含自有交通工具）","② 主線柏油路，在車道正中央騎乘","2","4","3","幾乎不曾遇過","偶爾（每半年一次以上）","","2","2","縮減車道無助改善騎士／行人安全","④ 椰子樹下的磚造人行道","","2","2","","2","3","",""
"2021/01/17 9:29:17 下午 GMT+8","台大學生","大學部四年級（含）以上","自行車（含自有交通工具）","② 主線柏油路，在車道正中央騎乘","4","5","5","幾乎不曾遇過","總是（每週一次以上）","汽車超車沒有保持側面安全距離，膽戰心驚／行人或自行車突然衝出來以致需要時刻預判其他用路人動向，心很累","5","5","維持現有路面標線樣式（白線、雙黃線），僅縮減機動車道空間;劃設鋸齒型標線引導車輛減速;實體人行道往道路中央蓋出來、在幾個行人穿越數較多處劃設斑馬線引導","④ 椰子樹下的磚造人行道","人行道積水嚴重;人行道路寬過小","5","5","阿汽車就大鈑金主義自以為很了不起啊","5","5","車道蓋這麼寬根本意圖使人飆車吧？我開車的話沒開到100都覺得對不起自己了","我說那個實體人行道這麼少，怎麼約會ㄏㄚˋ"
"2021/01/17 9:29:49 下午 GMT+8","台大學生","博士班一年級","自行車（含自有交通工具）","① 主線柏油路，靠車道右側、椰子樹旁騎乘","3","4","5","幾乎不曾遇過","經常（每月一次以上）","","5","5","利用鋪面顏色設計，區隔車輛與行人空間（如上圖）;增加超速機動車的執法率","① ② ③ 主線柏油路","人行道積水嚴重;人行道路寬過小","3","3","","4","4","",""
"2021/01/17 9:30:06 下午 GMT+8","台大學生","大學部三年級","自行車（含自有交通工具）","① 主線柏油路，靠車道右側、椰子樹旁騎乘","3","4","4","偶爾（每半年一次以上）","經常（每月一次以上）","我直行，對方轉彎；他不減速。相撞。","4","4","利用鋪面顏色設計，區隔車輛與行人空間（如上圖）","④ 椰子樹下的磚造人行道","這裡不會有車，包含腳踏車","5","5","我走著。晚上，對方逆向，沒開燈，差點撞到我。","2","2","敢不敢不要逆向，轉彎之前敢不敢打手勢",""
"2021/01/17 9:35:35 下午 GMT+8","台大學生","大學部一年級","步行，且幾乎不使用交通工具","","","","","","","","1","5","利用鋪面顏色設計，區隔車輛與行人空間（如上圖）","① ② ③ 主線柏油路","人行道積水嚴重;人行道路寬過小;柏油路／磚造馬路離目的地較近;過馬路還要先跨過草皮","5","5","","1","1","",""
"2021/01/17 9:36:29 下午 GMT+8","台大學生","大學部二年級","自行車（含自有交通工具）","② 主線柏油路，在車道正中央騎乘","1","1","1","幾乎不曾遇過","偶爾（每半年一次以上）","機動車輛無預警無燈號左轉。建議不開放台大練車？！","1","1","縮減車道無助改善騎士／行人安全;取締超速，我不想要在台大騎車還要兩段式左轉。","⑥ 我幾乎不會在椰林大道步行","","3","2","","5","5","",""
"2021/01/17 9:37:34 下午 GMT+8","台大學生","碩士班一年級","步行，且幾乎不使用交通工具","","","","","","","","3","4","利用鋪面顏色設計，區隔車輛與行人空間（如上圖）","⑤ 緊鄰兩側建築物的磚造馬路","人行道積水嚴重;柏油路／磚造馬路離目的地較近","5","4","","2","2","",""
"2021/01/17 9:38:21 下午 GMT+8","台大學生","碩士班二年級（含）以上","步行，且幾乎不使用交通工具","","","","","","","","5","5","利用鋪面顏色設計，區隔車輛與行人空間（如上圖）;劃設鋸齒型標線引導車輛減速","① ② ③ 主線柏油路","人行道積水嚴重","4","4","","2","2","人行道一下雨就積水 到底有沒有要讓人走?","希望除了商家進貨的車輛以及垃圾車、實驗廢棄物清運貨車和中研院交通接駁車以外的動力車輛尤其私人轎車和計程車應比照機車禁止進入校園，汽車不是輪椅，好手好腳可以走路，在校園開什麼車"
"2021/01/17 9:48:46 下午 GMT+8","台科大／台師大／國北教大學生","碩士班二年級（含）以上","自行車（含自有交通工具）","② 主線柏油路，在車道正中央騎乘","5","3","3","幾乎不曾遇過","幾乎不曾遇過","","3","3","劃設鋸齒型標線引導車輛減速","① ② ③ 主線柏油路","人行道積水嚴重","3","3","","2","2","學生使用單車時，嚴重缺乏偏移、變換車道時需查看後方的觀念。",""
"2021/01/17 9:48:59 下午 GMT+8","台大學生","大學部二年級","自行車（含自有交通工具）","② 主線柏油路，在車道正中央騎乘","4","4","4","幾乎不曾遇過","幾乎不曾遇過","","4","3","利用鋪面顏色設計，區隔車輛與行人空間（如上圖）","④ 椰子樹下的磚造人行道","","4","4","","2","2","",""
"2021/01/17 9:49:44 下午 GMT+8","台科大／台師大／國北教大學生","大學部三年級","自行車（含自有交通工具）","① 主線柏油路，靠車道右側、椰子樹旁騎乘","2","3","3","幾乎不曾遇過","偶爾（每半年一次以上）","","4","5","利用鋪面顏色設計，區隔車輛與行人空間（如上圖）;劃設鋸齒型標線引導車輛減速","④ 椰子樹下的磚造人行道","","2","2","","1","1","",""
"2021/01/17 9:52:28 下午 GMT+8","台大學生","碩士班二年級（含）以上","自行車（含自有交通工具）","② 主線柏油路，在車道正中央騎乘","4","5","4","幾乎不曾遇過","偶爾（每半年一次以上）","有人逆向或突然從內側車道往外轉向","3","3","利用鋪面顏色設計，區隔車輛與行人空間（如上圖）;縮減車道無助改善騎士／行人安全","① ② ③ 主線柏油路","人行道積水嚴重;人行道路寬過小;柏油路比較好走","4","3","","4","4","","長興基隆路口到進學校的岔路口在尖峰時段皆十分危險，容易發生車禍"
"2021/01/17 9:52:37 下午 GMT+8","台大學生","大學部一年級","自行車（含自有交通工具）","① 主線柏油路，靠車道右側、椰子樹旁騎乘","3","5","5","幾乎不曾遇過","經常（每月一次以上）","","4","3","利用鋪面顏色設計，區隔車輛與行人空間（如上圖）","④ 椰子樹下的磚造人行道","","4","5","","1","1","常常會被後方來車的車聲嚇到，都要轉頭看車會往哪個方向走，會不會撞到我等等。有的車輛行車速度太快。",""
"2021/01/17 9:57:01 下午 GMT+8","台大學生","大學部二年級","自行車（含自有交通工具）","① 主線柏油路，靠車道右側、椰子樹旁騎乘","4","3","5","幾乎不曾遇過","偶爾（每半年一次以上）","","2","2","縮減車道無助改善騎士／行人安全","④ 椰子樹下的磚造人行道","","3","4","","2","2","",""
"2021/01/17 9:57:12 下午 GMT+8","台大學生","碩士班二年級（含）以上","電動平衡車／滑板車","⑥ 我幾乎不會在椰林大道騎乘交通工具","1","1","1","幾乎不曾遇過","偶爾（每半年一次以上）","前車未確認後方狀況就逕自左轉","4","5","利用鋪面顏色設計，區隔車輛與行人空間（如上圖）","④ 椰子樹下的磚造人行道","人行道積水嚴重","5","5","","4","2","",""
"2021/01/17 10:00:28 下午 GMT+8","台大學生","博士班二年級（含）以上","自行車（含自有交通工具）","② 主線柏油路，在車道正中央騎乘","1","2","5","幾乎不曾遇過","幾乎不曾遇過","","5","1","利用鋪面顏色設計，區隔車輛與行人空間（如上圖）;劃設鋸齒型標線引導車輛減速","⑤ 緊鄰兩側建築物的磚造馬路","人行道積水嚴重;人行道路寬過小;怕椰子樹葉掉下來砸到我","2","2","","1","1","",""
"2021/01/17 10:01:32 下午 GMT+8","台大學生","大學部三年級","步行，且幾乎不使用交通工具","","","","","","","","2","2","縮減車道無助改善騎士／行人安全","⑤ 緊鄰兩側建築物的磚造馬路","","3","3","","2","1","",""
"2021/01/17 10:06:19 下午 GMT+8","台大學生","大學部三年級","自行車（含自有交通工具）","① 主線柏油路，靠車道右側、椰子樹旁騎乘","2","2","2","幾乎不曾遇過","幾乎不曾遇過","","4","4","劃設鋸齒型標線引導車輛減速","④ 椰子樹下的磚造人行道","","4","3","","4","4","",""
"2021/01/17 10:09:12 下午 GMT+8","週邊居民","非學生","步行，且幾乎不使用交通工具","","","","","","","","1","1","縮減車道無助改善騎士／行人安全","① ② ③ 主線柏油路","沒有特殊原因","1","1","","1","1","",""
"2021/01/17 10:09:27 下午 GMT+8","台大學生","大學部三年級","自行車（含自有交通工具）","② 主線柏油路，在車道正中央騎乘","4","3","4","幾乎不曾遇過","偶爾（每半年一次以上）","","2","3","縮減車道無助改善騎士／行人安全","① ② ③ 主線柏油路","","5","3","","4","4","",""
"2021/01/17 10:09:39 下午 GMT+8","台大學生","大學部二年級","自行車（含自有交通工具）","② 主線柏油路，在車道正中央騎乘","5","4","5","幾乎不曾遇過","偶爾（每半年一次以上）","","5","5","維持現有路面標線樣式（白線、雙黃線），僅縮減機動車道空間","① ② ③ 主線柏油路","沒有特殊原因","4","4","","4","4","",""
"2021/01/17 10:17:09 下午 GMT+8","台大學生","大學部二年級","自行車（含自有交通工具）","① 主線柏油路，靠車道右側、椰子樹旁騎乘","2","2","4","幾乎不曾遇過","偶爾（每半年一次以上）","","1","1","縮減車道無助改善騎士／行人安全","④ 椰子樹下的磚造人行道","人行道積水嚴重","5","4","","5","5","大型車仍有速度過快問題",""
"2021/01/17 10:19:05 下午 GMT+8","台大學生","大學部二年級","自行車（含自有交通工具）","① 主線柏油路，靠車道右側、椰子樹旁騎乘","4","2","3","幾乎不曾遇過","偶爾（每半年一次以上）","","2","3","利用鋪面顏色設計，區隔車輛與行人空間（如上圖）","① ② ③ 主線柏油路","柏油路／磚造馬路離目的地較近","5","3","","2","2","",""
"2021/01/17 10:24:49 下午 GMT+8","台大學生","大學部一年級","自行車（含自有交通工具）","① 主線柏油路，靠車道右側、椰子樹旁騎乘","3","4","5","偶爾（每半年一次以上）","總是（每週一次以上）","","3","2","維持現有路面標線樣式（白線、雙黃線），僅縮減機動車道空間","④ 椰子樹下的磚造人行道","沒有特殊原因;S","3","4","","2","1","叫車子開慢一點 燈亮一點","燈太暗了晚上好可愛"
"2021/01/17 10:27:49 下午 GMT+8","台大學生","大學部一年級","自行車（含自有交通工具）","② 主線柏油路，在車道正中央騎乘","4","5","5","幾乎不曾遇過","偶爾（每半年一次以上）","","4","4","劃設鋸齒型標線引導車輛減速;限制機動車輛進入校園","① ② ③ 主線柏油路","","4","5","","5","4","機動車輛過多且普遍超速(估計時速大於30占比達4成)，期望嚴格限制數量及速率，以策安全","1.機動車輛過多、大量卸貨違規臨停 2.大部分同學未了解自行車交通法規(支道未停讓、違規右側超車、慢車靠左…) 3.停車時常硬擠入停車格甚至超過1/2車身在車格外側
改善方式分別如下
1.同椰林大道改善方式 2.加強宣導 3.超出車格即拖吊、增加停車區"
"2021/01/17 10:40:34 下午 GMT+8","週邊居民","非學生","步行，且幾乎不使用交通工具","","","","","","","","2","2","縮減車道無助改善騎士／行人安全","④ 椰子樹下的磚造人行道","柏油路／磚造馬路離目的地較近","3","2","","3","3","",""
"2021/01/17 10:46:22 下午 GMT+8","台大學生","大學部二年級","自行車（含自有交通工具）","② 主線柏油路，在車道正中央騎乘","4","4","4","幾乎不曾遇過","偶爾（每半年一次以上）","","5","2","利用鋪面顏色設計，區隔車輛與行人空間（如上圖）","④ 椰子樹下的磚造人行道","","4","3","","5","4","",""
"2021/01/17 10:50:34 下午 GMT+8","台大學生","大學部一年級","自行車（含自有交通工具）","① 主線柏油路，靠車道右側、椰子樹旁騎乘","3","3","4","幾乎不曾遇過","經常（每月一次以上）","","2","2","縮減車道無助改善騎士／行人安全","⑤ 緊鄰兩側建築物的磚造馬路","人行道路寬過小;柏油路／磚造馬路離目的地較近","4","3","","2","2","",""
"2021/01/17 10:54:20 下午 GMT+8","台大學生","大學部二年級","自行車（含自有交通工具）","① 主線柏油路，靠車道右側、椰子樹旁騎乘","2","2","4","幾乎不曾遇過","偶爾（每半年一次以上）","","4","3","利用鋪面顏色設計，區隔車輛與行人空間（如上圖）","⑤ 緊鄰兩側建築物的磚造馬路","柏油路／磚造馬路離目的地較近","3","2","","4","4","",""
"2021/01/17 10:56:59 下午 GMT+8","台科大／台師大／國北教大學生","大學部三年級","步行，且幾乎不使用交通工具","","","","","","","","5","5","利用鋪面顏色設計，區隔車輛與行人空間（如上圖）;維持現有路面標線樣式（白線、雙黃線），僅縮減機動車道空間","④ 椰子樹下的磚造人行道","人行道積水嚴重;柏油路／磚造馬路離目的地較近","5","5","","1","2","",""
"2021/01/17 10:59:07 下午 GMT+8","台大學生","碩士班二年級（含）以上","自行車（含自有交通工具）","① 主線柏油路，靠車道右側、椰子樹旁騎乘","5","5","5","幾乎不曾遇過","經常（每月一次以上）","","5","5","利用鋪面顏色設計，區隔車輛與行人空間（如上圖）;1利用景觀手法（加種喬木灌木），分隔車道，增加視線阻礙，使車輛被迫減速。2重新設計非周線性道路，或中央設計分隔島","④ 椰子樹下的磚造人行道","","5","4","","4","4","學生會可敦促校方重視關於椰林大道路權設計",""
"2021/01/17 11:11:41 下午 GMT+8","台大學生","碩士班一年級","自行車（含自有交通工具）","② 主線柏油路，在車道正中央騎乘","2","2","4","幾乎不曾遇過","幾乎不曾遇過","","5","5","利用鋪面顏色設計，區隔車輛與行人空間（如上圖）","④ 椰子樹下的磚造人行道","","3","3","","2","2","",""
"2021/01/17 11:15:27 下午 GMT+8","台大學生","碩士班一年級","步行，且幾乎不使用交通工具","","","","","","","","2","2","利用鋪面顏色設計，區隔車輛與行人空間（如上圖）","④ 椰子樹下的磚造人行道","","5","4","","3","3","還好","腳踏車都亂騎很怕撞到我"
"2021/01/17 11:22:49 下午 GMT+8","台大學生","大學部三年級","步行，且幾乎不使用交通工具","","","","","","","","4","4","利用鋪面顏色設計，區隔車輛與行人空間（如上圖）","⑤ 緊鄰兩側建築物的磚造馬路","人行道積水嚴重","4","4","","2","2","人行道積水真的有夠嚴重ㄉ 好生氣
我想走人行道的時候都會因為積水所以不得不選擇柏油路
有夠危險",""
"2021/01/17 11:25:29 下午 GMT+8","台大學生","碩士班二年級（含）以上","步行，且幾乎不使用交通工具","","","","","","","","5","5","縮減車道無助改善騎士／行人安全","① ② ③ 主線柏油路","人行道積水嚴重;人行道路寬過小","4","2","智商與視力需檢查","2","2","台灣大學店素質，柯學交通的落實","用路人請先通過智力測驗"
"2021/01/17 11:29:03 下午 GMT+8","台大學生","大學部四年級（含）以上","自行車（含自有交通工具）","① 主線柏油路，靠車道右側、椰子樹旁騎乘","3","3","3","幾乎不曾遇過","偶爾（每半年一次以上）","","3","3","利用鋪面顏色設計，區隔車輛與行人空間（如上圖）","⑤ 緊鄰兩側建築物的磚造馬路","","4","3","","4","4","",""
"2021/01/17 11:30:58 下午 GMT+8","台大學生","大學部一年級","自行車（含自有交通工具）","① 主線柏油路，靠車道右側、椰子樹旁騎乘","4","2","4","偶爾（每半年一次以上）","總是（每週一次以上）","我往公館方向，要左轉到共同，跟要往總圖的同學相撞，我的車龍頭歪掉，其他還好","3","3","利用鋪面顏色設計，區隔車輛與行人空間（如上圖）","④ 椰子樹下的磚造人行道","他是人行道","2","2","","2","2","",""
"2021/01/17 11:56:35 下午 GMT+8","台大學生","大學部一年級","自行車（含自有交通工具）","② 主線柏油路，在車道正中央騎乘","1","1","1","幾乎不曾遇過","幾乎不曾遇過","","1","1","縮減車道無助改善騎士／行人安全","① ② ③ 主線柏油路","人行道積水嚴重","1","1","","5","5","一堆騎腳踏車的機掰人從巷子裏衝出來都不讓直行腳踏車","停車位不夠啦"
"2021/01/18 12:07:35 上午 GMT+8","台大學生","大學部三年級","自行車（含自有交通工具）","② 主線柏油路，在車道正中央騎乘","5","5","5","幾乎不曾遇過","偶爾（每半年一次以上）","有些車真的開很快","1","1","維持現有路面標線樣式（白線、雙黃線），僅縮減機動車道空間","④ 椰子樹下的磚造人行道","人行道路寬過小","4","4","","5","5","",""
"2021/01/18 12:08:45 上午 GMT+8","台大學生","大學部一年級","自行車（含自有交通工具）","① 主線柏油路，靠車道右側、椰子樹旁騎乘","2","2","3","幾乎不曾遇過","幾乎不曾遇過","","5","5","利用鋪面顏色設計，區隔車輛與行人空間（如上圖）","④ 椰子樹下的磚造人行道","","3","3","","1","1","",""
"2021/01/18 12:09:02 上午 GMT+8","台大學生","大學部一年級","自行車（含自有交通工具）","① 主線柏油路，靠車道右側、椰子樹旁騎乘","1","5","5","幾乎不曾遇過","經常（每月一次以上）","","5","5","利用鋪面顏色設計，區隔車輛與行人空間（如上圖）;維持現有路面標線樣式（白線、雙黃線），僅縮減機動車道空間","④ 椰子樹下的磚造人行道","人行道積水嚴重;人行道路寬過小","5","5","","5","5","",""
"2021/01/18 12:15:29 上午 GMT+8","台大學生","大學部二年級","自行車（含自有交通工具）","① 主線柏油路，靠車道右側、椰子樹旁騎乘","4","5","5","偶爾（每半年一次以上）","幾乎不曾遇過","","4","3","利用鋪面顏色設計，區隔車輛與行人空間（如上圖）","④ 椰子樹下的磚造人行道","","4","4","","2","3","",""
"2021/01/18 12:26:39 上午 GMT+8","週邊居民","非學生","自行車（含自有交通工具）","② 主線柏油路，在車道正中央騎乘","2","5","5","幾乎不曾遇過","偶爾（每半年一次以上）","","5","5","效仿荷蘭，整個改成紅磚色鋪面，表示校內是行人與自行車的主場，機動車輛為客體","⑤ 緊鄰兩側建築物的磚造馬路","","3","2","","2","2","","舟山路的機動車輛時常於路口處超越自行車，甚至超越自行車時都沒有再看對向有沒有自行車。建議於舟山路中間擺設整排花盆，要求機動車輛不準超越自行車，並且處罰貼自行車太近的機動車輛。"
"2021/01/18 12:27:34 上午 GMT+8","校友","非學生","自行車（含自有交通工具）","① 主線柏油路，靠車道右側、椰子樹旁騎乘","4","3","5","幾乎不曾遇過","幾乎不曾遇過","","5","5","利用鋪面顏色設計，區隔車輛與行人空間（如上圖）;直接拓寬人行道，用實體阻隔或路緣的高低差區隔行人與車輛","⑤ 緊鄰兩側建築物的磚造馬路","","5","4","","3","2","我認為校方應重新思考椰林大道的定位，是服務車輛的大道，還是服務行人與自行車的大道？","校內的交通量以行人及自行車為大宗，道路的空間配置卻以車輛為重，相當不正義。人行道不夠平坦、不夠完整、不夠連貫，整體而言友善程度必須加強。"
"2021/01/18 12:29:18 上午 GMT+8","台大學生","碩士班二年級（含）以上","自行車（含自有交通工具）","① 主線柏油路，靠車道右側、椰子樹旁騎乘","2","4","4","幾乎不曾遇過","經常（每月一次以上）","","4","2","縮減車道無助改善騎士／行人安全","④ 椰子樹下的磚造人行道","人行道積水嚴重;沒有特殊原因","4","3","","4","3","",""
"2021/01/18 12:29:45 上午 GMT+8","台大學生","大學部三年級","滑板","① 主線柏油路，靠車道右側、椰子樹旁騎乘","2","4","4","幾乎不曾遇過","偶爾（每半年一次以上）","呃 直行車先行 轉彎左右看 其實車禍就不會發生 腳踏車騎車訓練可能真的有需要⋯？","2","5","利用鋪面顏色設計，區隔車輛與行人空間（如上圖）;劃設鋸齒型標線引導車輛減速","④ 椰子樹下的磚造人行道","","2","1","","5","5","很棒！",""
"2021/01/18 12:33:35 上午 GMT+8","台大學生","大學部四年級（含）以上","自行車（含自有交通工具）","① 主線柏油路，靠車道右側、椰子樹旁騎乘","2","3","3","幾乎不曾遇過","幾乎不曾遇過","","2","2","縮減車道無助改善騎士／行人安全","④ 椰子樹下的磚造人行道","","2","2","","3","2","",""
"2021/01/18 12:35:49 上午 GMT+8","台大學生","碩士班一年級","自行車（含自有交通工具）","① 主線柏油路，靠車道右側、椰子樹旁騎乘","3","3","4","幾乎不曾遇過","總是（每週一次以上）","","2","2","利用鋪面顏色設計，區隔車輛與行人空間（如上圖）","⑤ 緊鄰兩側建築物的磚造馬路","人行道積水嚴重;人行道路寬過小","5","4","","1","1","",""
"2021/01/18 12:41:15 上午 GMT+8","台大學生","碩士班二年級（含）以上","自行車（含自有交通工具）","② 主線柏油路，在車道正中央騎乘","1","1","4","幾乎不曾遇過","幾乎不曾遇過","","4","2","維持現有路面標線樣式（白線、雙黃線），僅縮減機動車道空間","④ 椰子樹下的磚造人行道","沒有特殊原因","4","4","","4","4","",""
"2021/01/18 12:47:07 上午 GMT+8","台大學生","碩士班一年級","自行車（含自有交通工具）","③ 主線柏油路，靠中央的黃色虛線騎乘","5","5","5","偶爾（每半年一次以上）","經常（每月一次以上）","","5","5","禁行汽車","① ② ③ 主線柏油路","","3","3","","4","4","禁行汽車","全校禁行汽車"
"2021/01/18 12:48:23 上午 GMT+8","台大學生","大學部四年級（含）以上","自行車（含自有交通工具）","① 主線柏油路，靠車道右側、椰子樹旁騎乘","1","1","1","幾乎不曾遇過","幾乎不曾遇過","","3","1","利用鋪面顏色設計，區隔車輛與行人空間（如上圖）","① ② ③ 主線柏油路","沒有特殊原因","3","4","","2","4","常有自行車逆向",""
"2021/01/18 12:49:09 上午 GMT+8","台大學生","大學部三年級","自行車（含自有交通工具）","② 主線柏油路，在車道正中央騎乘","5","3","5","偶爾（每半年一次以上）","總是（每週一次以上）","媽的垃圾四輪爺開車都橫著飆的/校外三寶騎ubike橫行、亂停車擋路/一群行人並排擋路","2","2","縮減車道無助改善騎士／行人安全","⑤ 緊鄰兩側建築物的磚造馬路","人行道積水嚴重;人行道路寬過小;柏油路／磚造馬路離目的地較近","4","4","","5","5","",""
"2021/01/18 1:09:57 上午 GMT+8","校友","非學生","自行車（含自有交通工具）","② 主線柏油路，在車道正中央騎乘","4","2","4","幾乎不曾遇過","偶爾（每半年一次以上）","","2","3","不同鋪面/立體區隔","④ 椰子樹下的磚造人行道","","2","3","","2","3","",""
"2021/01/18 1:13:28 上午 GMT+8","台大學生","大學部四年級（含）以上","自行車（含自有交通工具）","② 主線柏油路，在車道正中央騎乘","5","5","5","偶爾（每半年一次以上）","經常（每月一次以上）","差點被椰子樹本身壓到算嗎","2","2","利用鋪面顏色設計，區隔車輛與行人空間（如上圖）;劃設鋸齒型標線引導車輛減速","① ② ③ 主線柏油路","人行道積水嚴重;人行道路寬過小;柏油路／磚造馬路離目的地較近","5","5","","3","2","",""
"2021/01/18 1:17:16 上午 GMT+8","台大學生","碩士班二年級（含）以上","自行車（含自有交通工具）","② 主線柏油路，在車道正中央騎乘","5","5","5","偶爾（每半年一次以上）","偶爾（每半年一次以上）","汽車（計程車）在椰林大道末端處（靠近總圖）不顧有無其他車輛硬要直行，不禮讓較小型的腳踏車，覺得非常霸道，若沒緊急煞車會直接撞上。","5","5","利用鋪面顏色設計，區隔車輛與行人空間（如上圖）;劃設鋸齒型標線引導車輛減速;增設腳踏車道，中間隔安全導以確保機動車輛不會越線，只區分顏色會違規的還是會違規。","④ 椰子樹下的磚造人行道","","1","5","","1","1","","新月台，網球場那邊的道路在晚上12點以後會整個變很黑，完全沒有路燈照明，覺得那段路比椰林大道更加危險，特別是對於半夜2、3點才回家的學生而言。"
"2021/01/18 1:20:44 上午 GMT+8","台大學生","大學部一年級","自行車（含自有交通工具）","② 主線柏油路，在車道正中央騎乘","5","5","4","幾乎不曾遇過","經常（每月一次以上）","","5","2","維持現有路面標線樣式（白線、雙黃線），僅縮減機動車道空間","① ② ③ 主線柏油路","","3","2","","1","3","",""
"2021/01/18 1:26:07 上午 GMT+8","台大學生","大學部三年級","自行車（含自有交通工具）","① 主線柏油路，靠車道右側、椰子樹旁騎乘","4","5","5","幾乎不曾遇過","偶爾（每半年一次以上）","","3","4","利用鋪面顏色設計，區隔車輛與行人空間（如上圖）","④ 椰子樹下的磚造人行道","沒有特殊原因","4","4","","4","4","",""
"2021/01/18 1:26:16 上午 GMT+8","台大學生","大學部一年級","自行車（含自有交通工具）","② 主線柏油路，在車道正中央騎乘","3","4","5","幾乎不曾遇過","幾乎不曾遇過","","3","2","利用鋪面顏色設計，區隔車輛與行人空間（如上圖）","⑥ 我幾乎不會在椰林大道步行","沒有特殊原因","1","1","","1","1","",""
"2021/01/18 1:28:14 上午 GMT+8","台大學生","大學部一年級","自行車（含自有交通工具）","① 主線柏油路，靠車道右側、椰子樹旁騎乘","4","2","4","偶爾（每半年一次以上）","總是（每週一次以上）","某個飄雨的晚上，我在椰林大道往公館方向，要左轉到通往共同的小徑，跟要騎往總圖方向的同學相撞，人沒事，但是車的龍頭被撞歪","4","4","利用鋪面顏色設計，區隔車輛與行人空間（如上圖）","① ② ③ 主線柏油路","沒有特殊原因","5","5","","1","1","",""
"2021/01/18 1:31:39 上午 GMT+8","台大學生","大學部二年級","自行車（含自有交通工具）","① 主線柏油路，靠車道右側、椰子樹旁騎乘","2","2","4","幾乎不曾遇過","偶爾（每半年一次以上）","","3","3","縮減車道無助改善騎士／行人安全","④ 椰子樹下的磚造人行道","","4","4","","2","2","",""
"2021/01/18 1:34:33 上午 GMT+8","台大學生","碩士班二年級（含）以上","自行車（含自有交通工具）","② 主線柏油路，在車道正中央騎乘","2","2","2","幾乎不曾遇過","幾乎不曾遇過","旁邊汽車不讓、腳踏車逆向及轉、自行車駕駛看自己的手機沒注意入口車輛變化","2","2","利用鋪面顏色設計，區隔車輛與行人空間（如上圖）;或許也不用改變？(其他方法還沒想到) 只是因為上圖鋪面設計顏色好像有點太強眼，覺得日後椰林大道上的椰林因此失真...","④ 椰子樹下的磚造人行道","人行道積水嚴重","2","1","無","3","3","無","還不錯"
"2021/01/18 1:37:51 上午 GMT+8","台大學生","大學部一年級","自行車（含自有交通工具）","③ 主線柏油路，靠中央的黃色虛線騎乘","1","2","3","幾乎不曾遇過","幾乎不曾遇過","","1","2","縮減車道無助改善騎士／行人安全","⑥ 我幾乎不會在椰林大道步行","","1","1","","5","5","",""
"2021/01/18 1:47:21 上午 GMT+8","週邊居民","非學生","電動平衡車／滑板車","② 主線柏油路，在車道正中央騎乘","5","5","5","經常（每月一次以上）","總是（每週一次以上）","建議增設彈跳路面","2","4","劃設鋸齒型標線引導車輛減速","⑤ 緊鄰兩側建築物的磚造馬路","沒有特殊原因","5","5","","1","1","沒有尊重行人",""
"2021/01/18 1:51:42 上午 GMT+8","台大學生","大學部一年級","自行車（含自有交通工具）","① 主線柏油路，靠車道右側、椰子樹旁騎乘","3","3","4","幾乎不曾遇過","幾乎不曾遇過","","2","2","縮減車道無助改善騎士／行人安全;做好監管確保機動車輛遵守台大校內交通規定","⑤ 緊鄰兩側建築物的磚造馬路","","3","3","","1","1","還可以","亂"
"2021/01/18 1:52:09 上午 GMT+8","台大學生","大學部二年級","自行車（含自有交通工具）","① 主線柏油路，靠車道右側、椰子樹旁騎乘","1","1","1","幾乎不曾遇過","幾乎不曾遇過","","3","3","利用鋪面顏色設計，區隔車輛與行人空間（如上圖）","⑥ 我幾乎不會在椰林大道步行","沒有特殊原因","5","4","","3","3","",""
"2021/01/18 2:21:23 上午 GMT+8","台大學生","大學部三年級","自行車（含自有交通工具）","② 主線柏油路，在車道正中央騎乘","3","3","5","幾乎不曾遇過","經常（每月一次以上）","","4","4","利用鋪面顏色設計，區隔車輛與行人空間（如上圖）;維持現有路面標線樣式（白線、雙黃線），僅縮減機動車道空間;劃設鋸齒型標線引導車輛減速","④ 椰子樹下的磚造人行道","","4","4","","1","2","",""
"2021/01/18 2:23:54 上午 GMT+8","台大學生","大學部三年級","自行車（含自有交通工具）","② 主線柏油路，在車道正中央騎乘","3","5","5","幾乎不曾遇過","偶爾（每半年一次以上）","","5","5","利用鋪面顏色設計，區隔車輛與行人空間（如上圖）","④ 椰子樹下的磚造人行道","","5","4","","3","2","","1.強制學生上交通安全講座(自行車一堆逆向、亂騎)
2.校內道路設計過於畸形(不以人、自行車為本)
3.長興(男宿)門口取消機慢車道(為了少數四輪犧牲多數自行車權益根本學校低能政策)"
"2021/01/18 3:02:46 上午 GMT+8","台大學生","大學部四年級（含）以上","電動平衡車／滑板車","① 主線柏油路，靠車道右側、椰子樹旁騎乘","2","2","2","幾乎不曾遇過","偶爾（每半年一次以上）","我是醫學院學生 很少回總區 請把我有關頻率的問題剔除謝謝","2","1","縮減車道無助改善騎士／行人安全","⑤ 緊鄰兩側建築物的磚造馬路","人行道路寬過小","2","2","","2","2","",""
"2021/01/18 3:14:28 上午 GMT+8","台大學生","大學部四年級（含）以上","自行車（含自有交通工具）","① 主線柏油路，靠車道右側、椰子樹旁騎乘","3","4","3","幾乎不曾遇過","偶爾（每半年一次以上）","","4","3","維持現有路面標線樣式（白線、雙黃線），僅縮減機動車道空間","⑤ 緊鄰兩側建築物的磚造馬路","人行道路寬過小;柏油路／磚造馬路離目的地較近","3","3","","4","4","",""
"2021/01/18 4:07:18 上午 GMT+8","週邊居民","非學生","步行，且幾乎不使用交通工具","","","","","","","","1","1","縮減車道無助改善騎士／行人安全","① ② ③ 主線柏油路","人行道積水嚴重;人行道路寬過小;柏油路／磚造馬路離目的地較近","5","5","","2","1","",""
"2021/01/18 6:48:13 上午 GMT+8","台大學生","大學部三年級","步行，且幾乎不使用交通工具","","","","","","","","3","2","縮減車道無助改善騎士／行人安全","① ② ③ 主線柏油路","柏油路／磚造馬路離目的地較近","2","2","","4","2","",""
"2021/01/18 8:58:30 上午 GMT+8","台大學生","大學部二年級","自行車（含自有交通工具）","② 主線柏油路，在車道正中央騎乘","3","2","2","幾乎不曾遇過","偶爾（每半年一次以上）","","2","2","劃設鋸齒型標線引導車輛減速","④ 椰子樹下的磚造人行道","","3","2","","4","4","",""
"2021/01/18 9:09:24 上午 GMT+8","台大學生","大學部一年級","自行車（含自有交通工具）","① 主線柏油路，靠車道右側、椰子樹旁騎乘","4","2","4","偶爾（每半年一次以上）","總是（每週一次以上）","我往公館方向，要左轉到共同，跟要往總圖的同學相撞，我的車龍頭歪掉，其他還好","3","3","利用鋪面顏色設計，區隔車輛與行人空間（如上圖）","④ 椰子樹下的磚造人行道","他是人行道","2","2","","2","2","",""
"2021/01/18 9:28:37 上午 GMT+8","週邊居民","非學生","自行車（含自有交通工具）","② 主線柏油路，在車道正中央騎乘","3","2","2","幾乎不曾遇過","幾乎不曾遇過","","2","2","縮減車道無助改善騎士／行人安全","① ② ③ 主線柏油路","沒有特殊原因","3","2","","3","3","",""
"2021/01/18 9:41:27 上午 GMT+8","台大學生","碩士班一年級","自行車（含自有交通工具）","① 主線柏油路，靠車道右側、椰子樹旁騎乘","2","4","4","幾乎不曾遇過","偶爾（每半年一次以上）","","4","4","利用鋪面顏色設計，區隔車輛與行人空間（如上圖）;劃設鋸齒型標線引導車輛減速","④ 椰子樹下的磚造人行道","","4","4","","3","2","",""
"2021/01/18 9:45:29 上午 GMT+8","台大學生","大學部四年級（含）以上","自行車（含自有交通工具）","① 主線柏油路，靠車道右側、椰子樹旁騎乘","3","3","4","幾乎不曾遇過","經常（每月一次以上）","","2","1","縮減車道無助改善騎士／行人安全","⑥ 我幾乎不會在椰林大道步行","人行道積水嚴重;人行道路寬過小","4","4","","1","1","燈光設計差很多看不到對向來車",""
"2021/01/18 10:04:50 上午 GMT+8","台大學生","大學部一年級","自行車（含自有交通工具）","① 主線柏油路，靠車道右側、椰子樹旁騎乘","3","4","4","幾乎不曾遇過","幾乎不曾遇過","","4","2","利用鋪面顏色設計，區隔車輛與行人空間（如上圖）","① ② ③ 主線柏油路","人行道積水嚴重;人行道路寬過小","4","4","","1","1","",""
"2021/01/18 10:37:28 上午 GMT+8","台大學生","碩士班二年級（含）以上","自行車（含自有交通工具）","① 主線柏油路，靠車道右側、椰子樹旁騎乘","2","3","2","幾乎不曾遇過","幾乎不曾遇過","","2","5","利用鋪面顏色設計，區隔車輛與行人空間（如上圖）;劃設鋸齒型標線引導車輛減速","⑥ 我幾乎不會在椰林大道步行","人行道積水嚴重;柏油路／磚造馬路離目的地較近","2","2","","3","3","",""
"2021/01/18 10:48:17 上午 GMT+8","台大學生","碩士班一年級","自行車（含自有交通工具）","① 主線柏油路，靠車道右側、椰子樹旁騎乘","2","3","3","幾乎不曾遇過","偶爾（每半年一次以上）","","3","2","維持現有路面標線樣式（白線、雙黃線），僅縮減機動車道空間","⑤ 緊鄰兩側建築物的磚造馬路","人行道積水嚴重","2","1","","4","4","",""
"2021/01/18 10:53:39 上午 GMT+8","台大學生","大學部一年級","步行，且幾乎不使用交通工具","","","","","","","","2","4","利用鋪面顏色設計，區隔車輛與行人空間（如上圖）;維持現有路面標線樣式（白線、雙黃線），僅縮減機動車道空間","④ 椰子樹下的磚造人行道","安全考量","5","3","","2","3","關於照明部分，有大道上的燈再加上腳踏車車燈是足夠的，但是許多腳踏車沒有安裝車燈，讓大道上的照明燈很難充分發揮效用。",""
"2021/01/18 11:07:17 上午 GMT+8","台大學生","大學部三年級","自行車（含自有交通工具）","③ 主線柏油路，靠中央的黃色虛線騎乘","4","4","4","幾乎不曾遇過","幾乎不曾遇過","","5","5","維持現有路面標線樣式（白線、雙黃線），僅縮減機動車道空間","⑥ 我幾乎不會在椰林大道步行","人行道路寬過小","4","4","","1","1","",""
"2021/01/18 11:11:44 上午 GMT+8","台大學生","大學部四年級（含）以上","自行車（含自有交通工具）","② 主線柏油路，在車道正中央騎乘","5","5","5","幾乎不曾遇過","偶爾（每半年一次以上）","靠外側的車突然左轉或是相反情況","1","1","縮減車道無助改善騎士／行人安全","④ 椰子樹下的磚造人行道","","5","5","","2","2","應在各路口裝設交通號誌燈","應嚴格管制車速，常見各種交通工具高速行駛。應普及交通安全觀念，很多人不把自己和別人的安全當ㄧ回事"
"2021/01/18 11:27:43 上午 GMT+8","台大學生","大學部一年級","自行車（含自有交通工具）","① 主線柏油路，靠車道右側、椰子樹旁騎乘","3","3","4","幾乎不曾遇過","偶爾（每半年一次以上）","","4","4","利用鋪面顏色設計，區隔車輛與行人空間（如上圖）;維持現有路面標線樣式（白線、雙黃線），僅縮減機動車道空間","④ 椰子樹下的磚造人行道","","3","4","","2","2","",""
"2021/01/18 11:50:47 上午 GMT+8","台大學生","大學部一年級","自行車（含自有交通工具）","① 主線柏油路，靠車道右側、椰子樹旁騎乘","1","3","4","幾乎不曾遇過","經常（每月一次以上）","","5","2","利用鋪面顏色設計，區隔車輛與行人空間（如上圖）","④ 椰子樹下的磚造人行道","","1","2","","1","1","",""
"2021/01/18 11:54:29 上午 GMT+8","台大學生","大學部一年級","自行車（含自有交通工具）","② 主線柏油路，在車道正中央騎乘","3","4","4","幾乎不曾遇過","經常（每月一次以上）","","4","4","利用鋪面顏色設計，區隔車輛與行人空間（如上圖）","① ② ③ 主線柏油路","人行道積水嚴重;人行道路寬過小","2","4","","2","2","",""
"2021/01/18 11:58:44 上午 GMT+8","台大學生","大學部一年級","自行車（含自有交通工具）","① 主線柏油路，靠車道右側、椰子樹旁騎乘","5","3","4","幾乎不曾遇過","偶爾（每半年一次以上）","","4","4","利用鋪面顏色設計，區隔車輛與行人空間（如上圖）","④ 椰子樹下的磚造人行道","","4","4","","3","3","",""
"2021/01/18 12:34:46 下午 GMT+8","台大學生","大學部四年級（含）以上","自行車（含自有交通工具）","② 主線柏油路，在車道正中央騎乘","4","4","4","幾乎不曾遇過","偶爾（每半年一次以上）","","2","2","縮減車道無助改善騎士／行人安全","④ 椰子樹下的磚造人行道","","5","5","","1","1","現有路燈反而會有逆光，不容易看腳踏車的狀況","汽車車速幾乎都過快"
"2021/01/18 1:07:20 下午 GMT+8","台大學生","大學部三年級","自行車（含自有交通工具）","① 主線柏油路，靠車道右側、椰子樹旁騎乘","2","4","5","幾乎不曾遇過","偶爾（每半年一次以上）","","5","4","利用鋪面顏色設計，區隔車輛與行人空間（如上圖）","④ 椰子樹下的磚造人行道","","1","1","","5","4","",""
"2021/01/18 1:24:16 下午 GMT+8","台大學生","大學部四年級（含）以上","自行車（含自有交通工具）","② 主線柏油路，在車道正中央騎乘","5","4","5","幾乎不曾遇過","偶爾（每半年一次以上）","","4","2","維持現有路面標線樣式（白線、雙黃線），僅縮減機動車道空間;縮減車道無助改善騎士／行人安全","⑤ 緊鄰兩側建築物的磚造馬路","","3","4","","4","4","",""
"2021/01/18 1:30:53 下午 GMT+8","校友","非學生","自行車（含自有交通工具）","② 主線柏油路，在車道正中央騎乘","1","1","1","幾乎不曾遇過","幾乎不曾遇過","","5","5","利用鋪面顏色設計，區隔車輛與行人空間（如上圖）;維持現有路面標線樣式（白線、雙黃線），僅縮減機動車道空間;劃設鋸齒型標線引導車輛減速;縮減車道無助改善騎士／行人安全","① ② ③ 主線柏油路","沒有特殊原因","1","3","","3","3","",""
"2021/01/18 1:34:26 下午 GMT+8","台大學生","碩士班一年級","步行，且幾乎不使用交通工具","","","","","","","","4","3","利用鋪面顏色設計，區隔車輛與行人空間（如上圖）;劃設鋸齒型標線引導車輛減速","① ② ③ 主線柏油路","人行道路寬過小","4","4","","2","2","感覺可以找城鄉所討論","腳踏車塞爆停車位問題有解嗎"
"2021/01/18 1:42:09 下午 GMT+8","台大學生","大學部二年級","自行車（含自有交通工具）","① 主線柏油路，靠車道右側、椰子樹旁騎乘","3","3","5","偶爾（每半年一次以上）","經常（每月一次以上）","","4","4","利用鋪面顏色設計，區隔車輛與行人空間（如上圖）","① ② ③ 主線柏油路","人行道積水嚴重","3","4","","2","2","",""
"2021/01/18 2:01:53 下午 GMT+8","台大學生","大學部一年級","自行車（含自有交通工具）","① 主線柏油路，靠車道右側、椰子樹旁騎乘","2","4","5","幾乎不曾遇過","偶爾（每半年一次以上）","","3","3","縮減車道無助改善騎士／行人安全","⑤ 緊鄰兩側建築物的磚造馬路","","2","2","","2","1","",""
"2021/01/18 2:36:43 下午 GMT+8","台大學生","碩士班一年級","自行車（含自有交通工具）","① 主線柏油路，靠車道右側、椰子樹旁騎乘","4","5","4","幾乎不曾遇過","幾乎不曾遇過","","3","3","劃設鋸齒型標線引導車輛減速","④ 椰子樹下的磚造人行道","人行道積水嚴重","4","4","","4","4","",""
"2021/01/18 5:08:07 下午 GMT+8","台大教職員工","非學生","步行，且幾乎不使用交通工具","","","","","","","","1","1","劃設鋸齒型標線引導車輛減速","① ② ③ 主線柏油路","沒有特殊原因","1","1","","1","1","希望禁止汽車通行。
僅開放機車、腳踏車、三輪車...等",""
"2021/01/18 5:11:49 下午 GMT+8","台大學生","大學部四年級（含）以上","自行車（含自有交通工具）","② 主線柏油路，在車道正中央騎乘","1","1","1","幾乎不曾遇過","幾乎不曾遇過","","1","1","劃設鋸齒型標線引導車輛減速;縮減車道無助改善騎士／行人安全","④ 椰子樹下的磚造人行道","沒有特殊原因","1","1","","1","1","",""
"2021/01/18 6:02:32 下午 GMT+8","校友","非學生","自行車（含自有交通工具）","② 主線柏油路，在車道正中央騎乘","5","3","5","幾乎不曾遇過","幾乎不曾遇過","","5","5","劃設鋸齒型標線引導車輛減速","④ 椰子樹下的磚造人行道","","3","3","","4","4","",""
"2021/01/18 7:20:16 下午 GMT+8","台大學生","碩士班一年級","自行車（含自有交通工具）","② 主線柏油路，在車道正中央騎乘","3","2","4","幾乎不曾遇過","經常（每月一次以上）","","4","3","利用鋪面顏色設計，區隔車輛與行人空間（如上圖）","④ 椰子樹下的磚造人行道","","4","4","","2","2","",""
"2021/01/18 8:02:25 下午 GMT+8","台大學生","大學部三年級","自行車（含自有交通工具）","① 主線柏油路，靠車道右側、椰子樹旁騎乘","3","3","4","幾乎不曾遇過","幾乎不曾遇過","","4","2","利用鋪面顏色設計，區隔車輛與行人空間（如上圖）;維持現有路面標線樣式（白線、雙黃線），僅縮減機動車道空間","④ 椰子樹下的磚造人行道","沒有特殊原因","3","4","","2","3","",""
"2021/01/18 10:23:45 下午 GMT+8","台大學生","大學部二年級","自行車（含自有交通工具）","① 主線柏油路，靠車道右側、椰子樹旁騎乘","3","4","4","幾乎不曾遇過","幾乎不曾遇過","","4","4","利用鋪面顏色設計，區隔車輛與行人空間（如上圖）","④ 椰子樹下的磚造人行道","","5","4","","2","2","",""
"2021/01/18 10:50:20 下午 GMT+8","台大學生","大學部二年級","自行車（含自有交通工具）","① 主線柏油路，靠車道右側、椰子樹旁騎乘","5","5","5","幾乎不曾遇過","經常（每月一次以上）","","2","2","縮減車道無助改善騎士／行人安全","④ 椰子樹下的磚造人行道","","5","5","","3","3","",""
"2021/01/18 11:59:21 下午 GMT+8","台大學生","大學部二年級","自行車（含自有交通工具）","① 主線柏油路，靠車道右側、椰子樹旁騎乘","5","5","5","幾乎不曾遇過","偶爾（每半年一次以上）","","5","5","利用鋪面顏色設計，區隔車輛與行人空間（如上圖）;劃設鋸齒型標線引導車輛減速","④ 椰子樹下的磚造人行道","","4","3","","2","2","",""
"2021/01/18 11:59:21 下午 GMT+8","台大學生","大學部二年級","自行車（含自有交通工具）","① 主線柏油路，靠車道右側、椰子樹旁騎乘","2","4","5","幾乎不曾遇過","幾乎不曾遇過","","2","3","縮減車道無助改善騎士／行人安全","④ 椰子樹下的磚造人行道","人行道路寬過小;我以為只有那邊是人行道","5","5","","3","2","",""
"2021/01/19 9:39:37 上午 GMT+8","台大學生","碩士班二年級（含）以上","自行車（含自有交通工具）","① 主線柏油路，靠車道右側、椰子樹旁騎乘","4","2","4","幾乎不曾遇過","偶爾（每半年一次以上）","車子要轉彎沒有禮讓直行車也完全沒有減速 差點撞到","4","3","利用鋪面顏色設計，區隔車輛與行人空間（如上圖）;劃設鋸齒型標線引導車輛減速","⑤ 緊鄰兩側建築物的磚造馬路","人行道積水嚴重","2","4","","4","4","",""
"2021/01/19 12:03:05 下午 GMT+8","台大學生","碩士班一年級","自行車（含自有交通工具）","② 主線柏油路，在車道正中央騎乘","4","4","5","幾乎不曾遇過","經常（每月一次以上）","","5","5","中央柏油路改為人車共道路型","④ 椰子樹下的磚造人行道","人行道積水嚴重;人行道路寬過小;柏油路／磚造馬路離目的地較近","5","4","","2","2","",""
"2021/01/19 12:49:21 下午 GMT+8","台大學生","大學部二年級","小客車","② 主線柏油路，在車道正中央騎乘","1","1","1","幾乎不曾遇過","偶爾（每半年一次以上）","","1","1","縮減車道無助改善騎士／行人安全","⑥ 我幾乎不會在椰林大道步行","沒有特殊原因","1","1","","5","5","導致椰林大道交通事故的主因是自行車而非其他機動車輛。以校園交通法規實際執行層面而言，對汽車實施20公里測速罰款而不對自行車實施顯有失公平。",""
"2021/01/19 5:32:51 下午 GMT+8","台大學生","碩士班一年級","自行車（含自有交通工具）","① 主線柏油路，靠車道右側、椰子樹旁騎乘","4","5","4","幾乎不曾遇過","總是（每週一次以上）","","5","5","利用鋪面顏色設計，區隔車輛與行人空間（如上圖）;維持現有路面標線樣式（白線、雙黃線），僅縮減機動車道空間","⑥ 我幾乎不會在椰林大道步行","常常有腳踏車，所以覺得很危險","5","5","","3","3","","後門要到長興宿舍的那個路口，曾經從長興那邊等紅綠燈過馬路進學校，前面卻有一個女生超級大逆向直衝我們這群乖乖過馬路騎往學校的同學，而且他騎非常快也不減速，當時我兩旁邊都是腳踏車(因為是全部人一起等紅綠燈過馬路)，我無法改變行徑方向只能等著被他撞!!!!!!!!!重點是他還沒道歉，也沒問我有沒有怎樣。
結論是，能不能好好處理腳踏車逆向的問題= ="
"2021/01/19 9:48:50 下午 GMT+8","台大學生","碩士班一年級","自行車（含自有交通工具）","① 主線柏油路，靠車道右側、椰子樹旁騎乘","4","3","4","幾乎不曾遇過","偶爾（每半年一次以上）","","4","2","利用鋪面顏色設計，區隔車輛與行人空間（如上圖）","④ 椰子樹下的磚造人行道","","4","5","","3","2","",""
"2021/01/20 12:35:03 上午 GMT+8","台大學生","大學部三年級","自行車（含自有交通工具）","① 主線柏油路，靠車道右側、椰子樹旁騎乘","1","1","1","幾乎不曾遇過","偶爾（每半年一次以上）","","2","1","縮減車道無助改善騎士／行人安全","① ② ③ 主線柏油路","","4","1","","4","4","",""
"2021/01/20 3:08:03 下午 GMT+8","台大學生","大學部一年級","自行車（含自有交通工具）","② 主線柏油路，在車道正中央騎乘","4","3","3","幾乎不曾遇過","經常（每月一次以上）","","4","4","維持現有路面標線樣式（白線、雙黃線），僅縮減機動車道空間","① ② ③ 主線柏油路","","4","3","","3","4","",""
"2021/01/21 2:49:37 上午 GMT+8","台大學生","大學部四年級（含）以上","自行車（含自有交通工具）","① 主線柏油路，靠車道右側、椰子樹旁騎乘","2","3","2","幾乎不曾遇過","幾乎不曾遇過","","3","3","維持現有路面標線樣式（白線、雙黃線），僅縮減機動車道空間","⑥ 我幾乎不會在椰林大道步行","沒有特殊原因","4","3","","3","3","",""
"2021/01/21 4:19:17 上午 GMT+8","台大學生","碩士班一年級","自行車（含自有交通工具）","① 主線柏油路，靠車道右側、椰子樹旁騎乘","1","2","1","幾乎不曾遇過","幾乎不曾遇過","","1","1","劃設鋸齒型標線引導車輛減速;縮減車道無助改善騎士／行人安全","④ 椰子樹下的磚造人行道","","4","3","","1","1","",""
"2021/01/21 5:51:19 下午 GMT+8","台大學生","碩士班二年級（含）以上","自行車（含自有交通工具）","② 主線柏油路，在車道正中央騎乘","4","2","5","幾乎不曾遇過","偶爾（每半年一次以上）","","4","5","利用鋪面顏色設計，區隔車輛與行人空間（如上圖）;劃設鋸齒型標線引導車輛減速","⑤ 緊鄰兩側建築物的磚造馬路","","5","4","","5","5","",""
"2021/01/22 5:54:31 下午 GMT+8","台大學生","大學部三年級","自行車（含自有交通工具）","① 主線柏油路，靠車道右側、椰子樹旁騎乘","1","3","1","幾乎不曾遇過","幾乎不曾遇過","","4","1","維持現有路面標線樣式（白線、雙黃線），僅縮減機動車道空間","④ 椰子樹下的磚造人行道","人行道積水嚴重;人行道路寬過小","1","1","","5","5","",""
"2021/01/22 6:40:22 下午 GMT+8","台大學生","碩士班一年級","自行車（含自有交通工具）","① 主線柏油路，靠車道右側、椰子樹旁騎乘","3","3","4","偶爾（每半年一次以上）","幾乎不曾遇過","","3","2","縮減車道無助改善騎士／行人安全","④ 椰子樹下的磚造人行道","沒有特殊原因","4","2","","4","2","",""
"2021/01/22 7:38:16 下午 GMT+8","台大學生","大學部三年級","自行車（含自有交通工具）","① 主線柏油路，靠車道右側、椰子樹旁騎乘","3","5","5","幾乎不曾遇過","經常（每月一次以上）","","3","3","利用鋪面顏色設計，區隔車輛與行人空間（如上圖）","④ 椰子樹下的磚造人行道","","3","4","","4","4","",""
"2021/01/22 7:38:28 下午 GMT+8","台大學生","大學部一年級","步行，且幾乎不使用交通工具","","","","","","","","4","4","維持現有路面標線樣式（白線、雙黃線），僅縮減機動車道空間","⑤ 緊鄰兩側建築物的磚造馬路","人行道積水嚴重","1","3","","2","3","",""
"2021/01/22 7:42:38 下午 GMT+8","台大學生","大學部三年級","自行車（含自有交通工具）","⑤ 緊鄰兩側建築物的磚造馬路","5","1","1","幾乎不曾遇過","偶爾（每半年一次以上）","","5","5","維持現有路面標線樣式（白線、雙黃線），僅縮減機動車道空間","⑤ 緊鄰兩側建築物的磚造馬路","柏油路／磚造馬路離目的地較近","2","5","","5","5","",""
"2021/01/22 7:46:22 下午 GMT+8","台大學生","碩士班一年級","自行車（含自有交通工具）","③ 主線柏油路，靠中央的黃色虛線騎乘","2","1","1","幾乎不曾遇過","幾乎不曾遇過","","2","2","劃設鋸齒型標線引導車輛減速","④ 椰子樹下的磚造人行道","","1","1","","2","3","對我來說最恐怖的是那些放手騎腳踏車的同學，人車那麼多還敢在那邊放手騎",""
"2021/01/22 7:47:30 下午 GMT+8","台大學生","碩士班一年級","自行車（含自有交通工具）","① 主線柏油路，靠車道右側、椰子樹旁騎乘","2","2","2","幾乎不曾遇過","幾乎不曾遇過","","3","3","劃設鋸齒型標線引導車輛減速","⑤ 緊鄰兩側建築物的磚造馬路","","3","4","","3","3","",""
"2021/01/22 7:51:54 下午 GMT+8","台大學生","大學部四年級（含）以上","自行車（含自有交通工具）","② 主線柏油路，在車道正中央騎乘","5","5","5","幾乎不曾遇過","總是（每週一次以上）","禁止計程車進入校園，增加檢舉系統針對曾遭檢舉的送貨(辦公)車輛禁止進入","2","2","縮減車道無助改善騎士／行人安全","④ 椰子樹下的磚造人行道","我選擇磚道","5","3","無","2","2","駕駛素養不一，因此應個別禁止素養差的車輛進入而非全面禁止，希望能建立起一個差勁駕駛的資料庫","普遍學生對於行車安全規則，如禮讓直行車、十字路口減速都不甚理解"
"2021/01/22 8:04:39 下午 GMT+8","台大學生","大學部二年級","自行車（含自有交通工具）","① 主線柏油路，靠車道右側、椰子樹旁騎乘","3","2","3","幾乎不曾遇過","偶爾（每半年一次以上）","","4","4","利用鋪面顏色設計，區隔車輛與行人空間（如上圖）","④ 椰子樹下的磚造人行道","","3","4","","2","2","",""
"2021/01/22 8:06:48 下午 GMT+8","台大學生","大學部一年級","自行車（含自有交通工具）","① 主線柏油路，靠車道右側、椰子樹旁騎乘","4","4","5","幾乎不曾遇過","偶爾（每半年一次以上）","","3","4","利用鋪面顏色設計，區隔車輛與行人空間（如上圖）","④ 椰子樹下的磚造人行道","人行道積水嚴重;柏油路／磚造馬路離目的地較近","3","3","","3","3","",""
"2021/01/22 8:13:27 下午 GMT+8","台大學生","碩士班一年級","步行，且幾乎不使用交通工具","","","","","","","","3","3","利用鋪面顏色設計，區隔車輛與行人空間（如上圖）;縮減車道無助改善騎士／行人安全","⑤ 緊鄰兩側建築物的磚造馬路","人行道積水嚴重;人行道路寬過小","5","5","","2","2","晚上可怕很多，除了汽車在晚上開比早上快以外，因為照明幾乎都在地上，很難看都左右邊突然竄出的腳踏車","比起汽車，腳踏車騎士對行人更不友善"
"2021/01/22 8:22:03 下午 GMT+8","台大學生","大學部一年級","自行車（含自有交通工具）","① 主線柏油路，靠車道右側、椰子樹旁騎乘","4","4","3","偶爾（每半年一次以上）","偶爾（每半年一次以上）","騎在主線道時，兩旁支道有車要轉入，常會抓不準他們轉彎的弧度，導致來不及減速或閃躲。","3","3","利用鋪面顏色設計，區隔車輛與行人空間（如上圖）;劃設鋸齒型標線引導車輛減速","④ 椰子樹下的磚造人行道","","3","4","","3","2","","1.水杉道、蒲葵道和小椰林道的交界處的交通十分混亂，路況常阻塞不通
2.綜合大樓前的小椰林道的馬路坑坑洞洞，騎車時感覺不平穩"
"2021/01/22 8:24:32 下午 GMT+8","台大學生","大學部四年級（含）以上","自行車（含自有交通工具）","① 主線柏油路，靠車道右側、椰子樹旁騎乘","2","1","1","幾乎不曾遇過","偶爾（每半年一次以上）","","3","3","縮減車道無助改善騎士／行人安全","① ② ③ 主線柏油路","人行道路寬過小","4","3","","5","5","",""
"2021/01/22 8:28:27 下午 GMT+8","台大學生","大學部一年級","自行車（含自有交通工具）","① 主線柏油路，靠車道右側、椰子樹旁騎乘","4","5","3","幾乎不曾遇過","經常（每月一次以上）","","5","4","利用鋪面顏色設計，區隔車輛與行人空間（如上圖）","⑤ 緊鄰兩側建築物的磚造馬路","人行道積水嚴重;人行道路寬過小","5","4","","2","1","",""
"2021/01/22 8:30:59 下午 GMT+8","台大學生","大學部四年級（含）以上","自行車（含自有交通工具）","② 主線柏油路，在車道正中央騎乘","3","2","4","幾乎不曾遇過","經常（每月一次以上）","","3","2","利用鋪面顏色設計，區隔車輛與行人空間（如上圖）","④ 椰子樹下的磚造人行道","人行道路寬過小","1","2","","2","1","",""
"2021/01/22 8:38:32 下午 GMT+8","台大學生","大學部四年級（含）以上","自行車（含自有交通工具）","① 主線柏油路，靠車道右側、椰子樹旁騎乘","3","4","3","幾乎不曾遇過","偶爾（每半年一次以上）","1. 前方同學因路面濕滑打滑而犁田，自己及時煞車
2. 對方逆向，自己及時閃避","3","3","維持現有路面標線樣式（白線、雙黃線），僅縮減機動車道空間","⑥ 我幾乎不會在椰林大道步行","","3","3","","2","2","加強宣導在椰林大道上，要左轉時再靠左，不要明明還很遠就跨越雙黃線騎乘","1. 加強宣導順向騎乘自行車，避免因逆向而發生的車禍
2. 加強宣導右轉靠外側及左轉靠內側的觀念，外側左轉跟內側右轉的三寶真的不少"
"2021/01/22 8:47:07 下午 GMT+8","台大學生","大學部一年級","自行車（含自有交通工具）","② 主線柏油路，在車道正中央騎乘","4","2","5","幾乎不曾遇過","偶爾（每半年一次以上）","","4","3","利用鋪面顏色設計，區隔車輛與行人空間（如上圖）","④ 椰子樹下的磚造人行道","","5","3","","4","3","要轉彎的話很容易被後面或對向來車撞到，希望可以規劃路線","希望小福/普通前能人車分離"
"2021/01/22 8:47:20 下午 GMT+8","台大學生","大學部一年級","步行，且幾乎不使用交通工具","","","","","","","","4","4","維持現有路面標線樣式（白線、雙黃線），僅縮減機動車道空間","① ② ③ 主線柏油路","人行道積水嚴重;人行道路寬過小","4","5","","4","4","",""
"2021/01/22 9:06:52 下午 GMT+8","台大學生","大學部二年級","自行車（含自有交通工具）","① 主線柏油路，靠車道右側、椰子樹旁騎乘","5","5","5","幾乎不曾遇過","偶爾（每半年一次以上）","","2","2","縮減車道無助改善騎士／行人安全","⑥ 我幾乎不會在椰林大道步行","人行道積水嚴重;人行道路寬過小","4","4","","4","4","",""
"2021/01/22 9:19:45 下午 GMT+8","台大學生","碩士班一年級","步行，且幾乎不使用交通工具","","","","","","","","3","3","縮減車道無助改善騎士／行人安全","⑤ 緊鄰兩側建築物的磚造馬路","柏油路／磚造馬路離目的地較近","2","3","","4","4","",""
"2021/01/22 9:22:33 下午 GMT+8","台大學生","大學部三年級","自行車（含自有交通工具）","① 主線柏油路，靠車道右側、椰子樹旁騎乘","4","5","5","幾乎不曾遇過","總是（每週一次以上）","","3","3","縮減車道無助改善騎士／行人安全","⑤ 緊鄰兩側建築物的磚造馬路","人行道積水嚴重","5","5","","5","5","","希望禁止汽車入校，尤其是超速不停的計程車。以及來測速的警察一攔下超速的駕駛就馬上說「我們也不能開罰單罰你啦，只能勸你」真的很白癡………"
"2021/01/22 9:48:13 下午 GMT+8","台大學生","大學部一年級","步行，且幾乎不使用交通工具","","","","","","","","5","5","維持現有路面標線樣式（白線、雙黃線），僅縮減機動車道空間","① ② ③ 主線柏油路","人行道積水嚴重","4","3","","4","1","個人認為既然都是主幹道，為何不提高照明程度，畢竟在椰林大道其實也很少見到動物出沒",""
"2021/01/22 9:49:13 下午 GMT+8","台大學生","大學部三年級","自行車（含自有交通工具）","② 主線柏油路，在車道正中央騎乘","5","4","4","幾乎不曾遇過","偶爾（每半年一次以上）","","4","2","維持現有路面標線樣式（白線、雙黃線），僅縮減機動車道空間","④ 椰子樹下的磚造人行道","","2","2","","3","3","",""
"2021/01/22 9:49:34 下午 GMT+8","台大學生","大學部二年級","電動輪椅","① 主線柏油路，靠車道右側、椰子樹旁騎乘","2","4","4","幾乎不曾遇過","偶爾（每半年一次以上）","","4","4","利用鋪面顏色設計，區隔車輛與行人空間（如上圖）;劃設鋸齒型標線引導車輛減速","④ 椰子樹下的磚造人行道","","5","5","","4","3","",""
"2021/01/22 10:04:19 下午 GMT+8","台大學生","大學部一年級","自行車（含自有交通工具）","① 主線柏油路，靠車道右側、椰子樹旁騎乘","4","4","4","幾乎不曾遇過","偶爾（每半年一次以上）","","3","2","維持現有路面標線樣式（白線、雙黃線），僅縮減機動車道空間;劃設鋸齒型標線引導車輛減速","④ 椰子樹下的磚造人行道","","3","3","","3","3","",""
"2021/01/22 10:08:16 下午 GMT+8","台大學生","碩士班一年級","步行，且幾乎不使用交通工具","","","","","","","","1","2","利用鋪面顏色設計，區隔車輛與行人空間（如上圖）;劃設鋸齒型標線引導車輛減速","④ 椰子樹下的磚造人行道","","5","5","","1","3","",""
"2021/01/22 10:09:32 下午 GMT+8","台大學生","碩士班一年級","步行，有ubike就會借","① 主線柏油路，靠車道右側、椰子樹旁騎乘","2","1","3","幾乎不曾遇過","幾乎不曾遇過","無","3","3","維持現有路面標線樣式（白線、雙黃線），僅縮減機動車道空間","④ 椰子樹下的磚造人行道","","2","2","","2","1","希望以維持現有景觀軸線的方式去進行改善，若以鋪面變化去分流，將大幅影響現有的景觀軸線","增寬步行者及自行車的用路寬度"
"2021/01/22 10:12:15 下午 GMT+8","台大學生","碩士班二年級（含）以上","自行車（含自有交通工具）","① 主線柏油路，靠車道右側、椰子樹旁騎乘","5","5","5","幾乎不曾遇過","偶爾（每半年一次以上）","左轉時直接切到對向車道","3","4","利用鋪面顏色設計，區隔車輛與行人空間（如上圖）;縮減車道無助改善騎士／行人安全","④ 椰子樹下的磚造人行道","","5","5","騎腳踏車滑手機","2","2","",""
"2021/01/22 10:14:45 下午 GMT+8","台大學生","大學部二年級","自行車（含自有交通工具）","② 主線柏油路，在車道正中央騎乘","5","5","4","幾乎不曾遇過","偶爾（每半年一次以上）","","3","2","縮減車道無助改善騎士／行人安全","④ 椰子樹下的磚造人行道","","3","4","","3","3","",""
"2021/01/22 10:15:55 下午 GMT+8","台科大／台師大／國北教大學生","大學部三年級","自行車（含自有交通工具）","① 主線柏油路，靠車道右側、椰子樹旁騎乘","2","2","4","偶爾（每半年一次以上）","偶爾（每半年一次以上）","雖然不是在椰林道上，是在旁邊有一條有蓋溫室的小路上，兩旁有明水溝的地方，之前有台貨車硬要開進來，就害我騎自行車卡住過不去最後只能跳車摔在草坡上","3","4","利用鋪面顏色設計，區隔車輛與行人空間（如上圖）","④ 椰子樹下的磚造人行道","","4","4","","4","2","",""
"2021/01/22 11:00:29 下午 GMT+8","台大學生","大學部一年級","自行車（含自有交通工具）","① 主線柏油路，靠車道右側、椰子樹旁騎乘","4","4","4","幾乎不曾遇過","經常（每月一次以上）","","4","4","維持現有路面標線樣式（白線、雙黃線），僅縮減機動車道空間","④ 椰子樹下的磚造人行道","","4","3","","5","4","我覺得人 自行車 汽機車 三種方式都應該分流吧！ 我到是覺得最常遇到騎車時，原本直行的行人突然轉向，閃避不及。 最重要的是行人和車子要分開吧！ 行人好像覺得他們在走路就不用注意路況一樣...",""
"2021/01/22 11:00:38 下午 GMT+8","台大學生","大學部二年級","自行車（含自有交通工具）","① 主線柏油路，靠車道右側、椰子樹旁騎乘","2","2","4","幾乎不曾遇過","偶爾（每半年一次以上）","","3","5","維持現有路面標線樣式（白線、雙黃線），僅縮減機動車道空間","④ 椰子樹下的磚造人行道","","5","4","","4","4","",""
"2021/01/22 11:40:49 下午 GMT+8","台大學生","大學部三年級","自行車（含自有交通工具）","① 主線柏油路，靠車道右側、椰子樹旁騎乘","2","2","4","幾乎不曾遇過","偶爾（每半年一次以上）","騎在最靠右邊的腳踏車突然要左轉","3","3","利用鋪面顏色設計，區隔車輛與行人空間（如上圖）","⑤ 緊鄰兩側建築物的磚造馬路","沒有特殊原因","3","4","","2","2","",""
"2021/01/22 11:57:45 下午 GMT+8","台大學生","大學部四年級（含）以上","自行車（含自有交通工具）","① 主線柏油路，靠車道右側、椰子樹旁騎乘","4","4","4","幾乎不曾遇過","經常（每月一次以上）","","4","5","維持現有路面標線樣式（白線、雙黃線），僅縮減機動車道空間","⑤ 緊鄰兩側建築物的磚造馬路","","4","5","","2","2","",""
"2021/01/23 12:01:38 上午 GMT+8","台大學生","大學部一年級","自行車（含自有交通工具）","① 主線柏油路，靠車道右側、椰子樹旁騎乘","3","2","5","幾乎不曾遇過","幾乎不曾遇過","","3","4","維持現有路面標線樣式（白線、雙黃線），僅縮減機動車道空間","⑥ 我幾乎不會在椰林大道步行","沒有特殊原因","3","3","","1","1","晚上照明實在不夠，希望能多增加燈具","希望能多管控汽車在校內的數量"
"2021/01/23 12:11:34 上午 GMT+8","台大學生","碩士班一年級","自行車（含自有交通工具）","② 主線柏油路，在車道正中央騎乘","1","1","4","偶爾（每半年一次以上）","偶爾（每半年一次以上）","","2","1","縮減車道無助改善騎士／行人安全","④ 椰子樹下的磚造人行道","","5","4","","2","3","",""
"2021/01/23 3:33:52 上午 GMT+8","台大學生","大學部三年級","自行車（含自有交通工具）","① 主線柏油路，靠車道右側、椰子樹旁騎乘","2","1","1","幾乎不曾遇過","幾乎不曾遇過","","3","3","維持現有路面標線樣式（白線、雙黃線），僅縮減機動車道空間","④ 椰子樹下的磚造人行道","","1","2","","5","5","",""
"2021/01/23 5:11:02 上午 GMT+8","台大學生","大學部二年級","自行車（含自有交通工具）","① 主線柏油路，靠車道右側、椰子樹旁騎乘","4","4","5","幾乎不曾遇過","經常（每月一次以上）","對方邊騎車邊滑手機，或單手撐傘，或因為沒有加裝車燈所以視線不佳","3","3","利用鋪面顏色設計，區隔車輛與行人空間（如上圖）;劃設鋸齒型標線引導車輛減速","④ 椰子樹下的磚造人行道","","2","4","","3","4","","希望校園裡邊滑手機邊走路/騎腳踏車的雞掰人可以越來越少，無論是出於什麼原因越少越少都很棒"
"2021/01/23 6:07:04 上午 GMT+8","台大學生","大學部一年級","自行車（含自有交通工具）","② 主線柏油路，在車道正中央騎乘","3","1","2","幾乎不曾遇過","偶爾（每半年一次以上）","","1","3","維持現有路面標線樣式（白線、雙黃線），僅縮減機動車道空間","① ② ③ 主線柏油路","","2","3","","1","1","應禁行自行車及校車以外之車輛行駛，並取消限速。加強宣導自行車內側左轉，外側右轉並比手勢。","同上。"
"2021/01/23 9:25:33 上午 GMT+8","台大學生","非學生","自行車（含自有交通工具）","① 主線柏油路，靠車道右側、椰子樹旁騎乘","2","3","4","幾乎不曾遇過","偶爾（每半年一次以上）","","4","3","利用鋪面顏色設計，區隔車輛與行人空間（如上圖）","⑤ 緊鄰兩側建築物的磚造馬路","","4","4","","2","1","",""
"2021/01/23 10:56:32 上午 GMT+8","台大學生","大學部一年級","自行車（含自有交通工具）","② 主線柏油路，在車道正中央騎乘","1","1","1","幾乎不曾遇過","幾乎不曾遇過","","4","4","利用鋪面顏色設計，區隔車輛與行人空間（如上圖）","⑤ 緊鄰兩側建築物的磚造馬路","","1","1","","1","1","",""
"2021/01/23 11:14:14 上午 GMT+8","台大學生","大學部二年級","自行車（含自有交通工具）","① 主線柏油路，靠車道右側、椰子樹旁騎乘","2","2","2","偶爾（每半年一次以上）","幾乎不曾遇過","當時從小椰林道右轉往椰林大道。結果我當時是騎在路中間，而我右邊有同學是要直線前進的；我們就撞在一起了。","4","4","利用鋪面顏色設計，區隔車輛與行人空間（如上圖）","① ② ③ 主線柏油路","這樣走到另外一邊比較快","5","2","","2","3","",""
"2021/01/23 12:43:46 下午 GMT+8","台大學生","碩士班二年級（含）以上","自行車（含自有交通工具）","① 主線柏油路，靠車道右側、椰子樹旁騎乘","3","3","4","幾乎不曾遇過","偶爾（每半年一次以上）","","4","4","利用鋪面顏色設計，區隔車輛與行人空間（如上圖）;縮減車道無助改善騎士／行人安全","④ 椰子樹下的磚造人行道","人行道積水嚴重","4","3","","4","4","",""
"2021/01/23 1:24:31 下午 GMT+8","台大學生","大學部二年級","自行車（含自有交通工具）","① 主線柏油路，靠車道右側、椰子樹旁騎乘","3","3","3","幾乎不曾遇過","幾乎不曾遇過","","3","3","縮減車道無助改善騎士／行人安全","④ 椰子樹下的磚造人行道","","4","3","","2","2","",""
"2021/01/23 2:28:25 下午 GMT+8","台大學生","大學部二年級","自行車（含自有交通工具）","① 主線柏油路，靠車道右側、椰子樹旁騎乘","3","5","5","幾乎不曾遇過","偶爾（每半年一次以上）","","3","3","縮減車道無助改善騎士／行人安全","① ② ③ 主線柏油路","人行道積水嚴重","4","4","","4","4","","機動車常常過快，感覺超過時速30，令人感到非常危險，我認為機動車應該在校園內優先禮讓行人以及腳踏車，希望有相關規定並且落實。"
"2021/01/23 3:12:57 下午 GMT+8","台大學生","大學部一年級","步行，且幾乎不使用交通工具","","","","","","","","4","4","利用鋪面顏色設計，區隔車輛與行人空間（如上圖）","④ 椰子樹下的磚造人行道","","5","4","","3","3","",""
"2021/01/23 6:23:40 下午 GMT+8","台大學生","大學部二年級","自行車（含自有交通工具）","① 主線柏油路，靠車道右側、椰子樹旁騎乘","5","5","5","幾乎不曾遇過","幾乎不曾遇過","","3","3","利用鋪面顏色設計，區隔車輛與行人空間（如上圖）","④ 椰子樹下的磚造人行道","","4","4","","4","3","","很多地方晚上十分陰暗，易造成危險"
"2021/01/23 6:30:56 下午 GMT+8","台大學生","大學部三年級","自行車（含自有交通工具）","② 主線柏油路，在車道正中央騎乘","5","5","5","幾乎不曾遇過","偶爾（每半年一次以上）","","5","5","利用鋪面顏色設計，區隔車輛與行人空間（如上圖）","④ 椰子樹下的磚造人行道","沒有特殊原因","5","5","","2","2","",""
"2021/01/23 9:09:47 下午 GMT+8","台大學生","碩士班一年級","步行，且幾乎不使用交通工具","","","","","","","","3","2","利用鋪面顏色設計，區隔車輛與行人空間（如上圖）","① ② ③ 主線柏油路","人行道路寬過小","2","1","","4","4","",""
"2021/01/24 1:58:25 上午 GMT+8","台大學生","大學部一年級","自行車（含自有交通工具）","① 主線柏油路，靠車道右側、椰子樹旁騎乘","3","3","5","幾乎不曾遇過","經常（每月一次以上）","計程車故意在我過椰林大道時（我有左右確認那台小黃還在遠處）突然加速，在快撞到我的距離急煞，我被嚇到也急煞，真心不能接受。只是想到滿不開心的，我也不知道能怎麼改善@@","5","4","利用鋪面顏色設計，區隔車輛與行人空間（如上圖）;維持現有路面標線樣式（白線、雙黃線），僅縮減機動車道空間","① ② ③ 主線柏油路","","3","4","","4","3","",""
"2021/01/24 10:33:05 上午 GMT+8","台大學生","碩士班二年級（含）以上","自行車（含自有交通工具）","① 主線柏油路，靠車道右側、椰子樹旁騎乘","3","4","4","幾乎不曾遇過","偶爾（每半年一次以上）","","3","4","維持現有路面標線樣式（白線、雙黃線），僅縮減機動車道空間","④ 椰子樹下的磚造人行道","有時確實會因為人行道積水而走到柏油路上","2","3","","4","4","",""
"2021/01/24 12:52:28 下午 GMT+8","台大學生","碩士班一年級","自行車（含自有交通工具）","① 主線柏油路，靠車道右側、椰子樹旁騎乘","2","2","4","幾乎不曾遇過","偶爾（每半年一次以上）","","2","2","縮減車道無助改善騎士／行人安全","④ 椰子樹下的磚造人行道","","1","1","","4","4","",""
"2021/01/24 2:16:09 下午 GMT+8","台大學生","碩士班二年級（含）以上","自行車（含自有交通工具）","① 主線柏油路，靠車道右側、椰子樹旁騎乘","5","1","3","幾乎不曾遇過","偶爾（每半年一次以上）","","3","1","利用鋪面顏色設計，區隔車輛與行人空間（如上圖）","⑤ 緊鄰兩側建築物的磚造馬路","人行道積水嚴重;人行道路寬過小","5","5","","3","3","禁止行人走在柏油路上",""
"2021/01/24 8:45:40 下午 GMT+8","台大學生","大學部一年級","自行車（含自有交通工具）","② 主線柏油路，在車道正中央騎乘","4","5","5","幾乎不曾遇過","經常（每月一次以上）","機動車輛未打方向燈，差點被一波帶走，急煞的時候又差點被後面的腳踏車撞到，還好後面的腳踏車駕駛有閃開。","3","4","維持現有路面標線樣式（白線、雙黃線），僅縮減機動車道空間","④ 椰子樹下的磚造人行道","人行道積水嚴重","4","4","傅鐘與行政大樓中間那一塊一堆自行車逆向行駛，有夠危險。","3","2","",""
"2021/01/25 2:53:10 上午 GMT+8","台大學生","碩士班二年級（含）以上","自行車（含自有交通工具）","① 主線柏油路，靠車道右側、椰子樹旁騎乘","2","4","4","幾乎不曾遇過","偶爾（每半年一次以上）","","5","5","劃設鋸齒型標線引導車輛減速","④ 椰子樹下的磚造人行道","","5","4","","5","5","",""
"2021/01/25 8:45:34 上午 GMT+8","台大學生","大學部四年級（含）以上","自行車（含自有交通工具）","① 主線柏油路，靠車道右側、椰子樹旁騎乘","3","3","4","偶爾（每半年一次以上）","偶爾（每半年一次以上）","","4","2","利用鋪面顏色設計，區隔車輛與行人空間（如上圖）","⑥ 我幾乎不會在椰林大道步行","人行道路寬過小","4","4","","2","2","",""
"2021/01/25 12:59:03 下午 GMT+8","台大學生","大學部四年級（含）以上","自行車（含自有交通工具）","① 主線柏油路，靠車道右側、椰子樹旁騎乘","4","4","5","幾乎不曾遇過","經常（每月一次以上）","","3","2","利用鋪面顏色設計，區隔車輛與行人空間（如上圖）","⑤ 緊鄰兩側建築物的磚造馬路","人行道積水嚴重;人行道路寬過小","4","4","","4","2","",""
"2021/01/25 2:13:43 下午 GMT+8","台大學生","大學部三年級","自行車（含自有交通工具）","① 主線柏油路，靠車道右側、椰子樹旁騎乘","2","4","5","幾乎不曾遇過","偶爾（每半年一次以上）","","4","2","利用鋪面顏色設計，區隔車輛與行人空間（如上圖）;劃設鋸齒型標線引導車輛減速","④ 椰子樹下的磚造人行道","","4","4","","3","2","",""
"2021/01/25 2:31:41 下午 GMT+8","台大學生","碩士班一年級","自行車（含自有交通工具）","② 主線柏油路，在車道正中央騎乘","2","2","3","幾乎不曾遇過","幾乎不曾遇過","","3","3","利用鋪面顏色設計，區隔車輛與行人空間（如上圖）","⑤ 緊鄰兩側建築物的磚造馬路","人行道路寬過小","3","2","","2","2","",""
"2021/01/26 2:26:47 下午 GMT+8","台大學生","大學部一年級","自行車（含自有交通工具）","① 主線柏油路，靠車道右側、椰子樹旁騎乘","5","5","5","幾乎不曾遇過","總是（每週一次以上）","","5","2","利用鋪面顏色設計，區隔車輛與行人空間（如上圖）","④ 椰子樹下的磚造人行道","","1","3","","1","1","",""
"2021/01/26 5:18:05 下午 GMT+8","台大學生","大學部二年級","自行車（含自有交通工具）","① 主線柏油路，靠車道右側、椰子樹旁騎乘","3","3","4","幾乎不曾遇過","偶爾（每半年一次以上）","","3","3","維持現有路面標線樣式（白線、雙黃線），僅縮減機動車道空間","④ 椰子樹下的磚造人行道","人行道積水嚴重","3","3","","3","3","","綜合前面的十字路口超亂"
"2021/01/27 1:30:38 下午 GMT+8","台大學生","大學部三年級","步行，且幾乎不使用交通工具","","","","","","","","3","5","利用鋪面顏色設計，區隔車輛與行人空間（如上圖）;劃設鋸齒型標線引導車輛減速","① ② ③ 主線柏油路","柏油路／磚造馬路離目的地較近","4","4","","5","4","有時候竄出專車還是會嚇到","不知道能否在校園內部設置紅綠燈？或許會是一個不錯的做法"